id,TotalOnFlight
10115,29
10116,138
10117,159
10118,166
10119,157
10135,156
10148,64
10160,132
10173,68
10174,180
10192,150
10211,131
10212,226
10213,156
10214,115
10231,144
10232,83
10246,144
10247,117
10248,81
10249,71
10250,164
10263,130
10264,181
10265,153
10282,67
10283,128
10284,159
10293,266
10313,251
10314,208
10315,51
10316,138
10317,187
10318,177
10340,228
10341,136
10342,157
10356,178
10357,72
10358,180
10359,88
10364,120
10365,95
10366,70
10367,158
10373,129
10374,138
10375,171
10399,146
10400,59
10401,160
10402,160
10403,178
10404,154
10405,71
10420,175
10436,137
10454,137
10455,131
10456,212
10457,162
10458,170
10467,161
10468,133
10469,116
10490,98
10491,136
10492,140
10493,144
10494,140
10495,57
10496,58
10497,65
10498,72
10513,141
10514,68
10537,142
10538,159
10539,151
10548,156
10549,115
10550,137
10551,148
10552,148
10553,68
10554,156
10555,51
10581,150
10582,75
10583,189
10592,197
10593,158
10594,157
10595,144
10596,141
10597,136
10598,94
10630,173
10631,243
10632,67
10642,75
10643,68
10644,206
10645,186
10658,227
10659,169
10660,183
10661,193
10675,68
10676,157
10692,147
10693,163
10694,155
10695,69
10711,148
10712,94
10726,87
10727,68
10728,182
10740,156
10756,133
10767,51
10768,68
10780,229
10781,228
10798,144
10799,178
10800,45
10801,32
10802,165
10820,120
10821,165
10822,178
10823,134
10843,162
10844,153
10855,134
10856,268
10857,159
10858,155
10872,111
10873,159
10874,182
10902,50
10005,133
10006,171
10017,115
10018,160
10033,212
10034,75
10035,263
10045,50
10046,63
10047,152
10054,262
10055,148
10056,223
10067,142
10085,142
10086,155
10087,170
10093,135
10094,170
10986,51
11007,212
11008,210
11046,195
11047,139
11076,197
11077,140
11087,52
11088,138
11089,132
11090,140
11104,134
11119,136
11132,113
11155,150
11156,147
11176,152
11177,158
11178,164
11199,124
11200,69
11201,148
11202,150
11219,142
11233,154
11234,115
11235,148
11236,154
11237,153
11238,125
11239,156
11269,67
11270,164
11288,163
11289,70
11290,72
11291,157
11307,147
11308,157
11309,151
11310,169
11335,154
11336,172
11337,170
11370,157
11371,159
11372,23
11400,148
11430,136
11508,252
11509,185
11522,139
11586,137
11587,148
11620,137
11633,111
11634,55
11652,211
11653,54
11677,147
11678,146
11679,139
11709,160
11733,151
11734,132
11735,197
11761,51
11774,150
11789,142
11810,150
11823,150
11824,131
11825,51
11842,10
11859,138
11891,137
11892,143
11893,129
11923,138
11924,145
11962,53
11963,144
11983,146
11984,76
11992,149
11993,149
12006,160
12012,113
12013,55
12024,138
12036,121
12037,183
12046,161
12067,98
12068,144
12077,248
12078,55
12079,150
12080,96
12090,207
12091,144
12092,154
12101,116
12152,57
12153,56
12154,136
12167,117
12168,157
12169,112
12170,163
12185,159
12186,165
12216,160
12217,178
12222,142
12223,157
12224,119
12236,123
12237,63
12253,60
12254,133
12255,144
12273,138
12282,113
12283,54
12289,116
12301,148
12302,147
12309,147
12310,149
12311,157
12312,156
12313,200
12314,147
12315,142
12316,16
12317,112
12324,100
12325,144
12326,152
12327,157
12328,162
12329,141
12330,157
12331,16
12332,150
12339,150
12340,148
12341,158
12342,158
12343,164
12344,159
12352,234
12353,135
12354,139
12364,134
12365,141
12366,146
12367,139
12368,123
12369,146
12370,83
12378,134
12379,148
12380,147
12397,138
12398,55
12399,147
12409,114
12410,12
12411,138
12412,153
12413,147
12414,66
12415,66
12416,148
12417,146
12418,146
12419,154
12420,155
12421,155
12422,165
12433,137
12434,160
12435,149
12436,140
12437,152
12438,150
12450,119
12451,152
12452,137
12453,134
12454,132
12455,152
12456,152
12457,135
12458,71
12468,136
12469,146
12470,52
12478,56
12479,109
12493,53
12494,133
12495,212
12496,158
12510,52
12511,55
12512,137
12513,140
12514,148
12515,154
12516,141
12517,140
12518,137
12519,140
12520,138
12521,156
12535,28
12536,8
12537,63
12538,153
12539,150
12540,79
12558,11
12559,53
12560,118
12561,63
12574,138
12575,137
12576,135
12577,146
12578,142
12579,134
12580,241
12581,177
12601,141
12602,129
12603,144
12604,228
12605,146
12606,156
12623,132
12624,140
12625,135
12626,151
12627,147
12628,134
12629,150
12630,266
12631,151
12632,70
12646,141
12647,56
12648,54
12649,145
12650,145
12651,139
12652,143
12653,63
12654,58
12655,149
12656,160
12657,132
12658,141
12659,142
12660,142
12669,120
12670,148
12671,158
12672,137
12673,148
12674,17
12675,135
12676,222
12677,157
12678,234
12679,145
12680,148
12681,149
12689,139
12690,192
12691,157
12692,153
12693,150
12694,145
12695,153
12696,172
12697,117
12698,132
12699,57
12700,116
12701,98
12702,139
12703,248
12704,196
12716,259
12717,149
12718,148
12719,157
12720,159
12721,139
12722,141
12723,129
12724,147
12725,144
12726,136
12734,63
12735,160
12736,50
12737,135
12738,119
12739,94
12740,143
12741,209
12747,139
12748,128
12749,140
12750,99
12751,145
12754,208
12755,54
12756,143
12757,64
12758,134
12759,131
12760,69
12761,143
12762,59
12763,63
12764,150
12765,147
12766,141
12767,135
12768,135
12769,51
12770,134
12771,95
12772,210
12773,134
12774,173
12775,148
12776,156
12777,144
12778,149
12779,148
12780,149
12781,149
12782,142
12783,16
12784,196
12785,142
12786,148
12787,52
12788,137
12789,228
12790,172
12791,259
12792,150
12793,152
12794,192
12795,144
12796,151
12797,157
12798,57
12799,157
12800,149
12801,153
12802,66
12803,94
12804,213
12805,137
12806,136
12807,151
12808,143
12809,118
12810,134
12811,141
12812,148
12813,158
12814,157
12815,159
12816,141
12817,147
12818,46
12819,133
12820,138
12821,137
12822,131
12823,150
12824,151
12825,143
12826,151
12827,146
12828,147
12829,8
12830,133
12831,134
12832,166
12833,6
12834,139
12835,140
12836,142
12837,138
12838,225
12839,67
12840,159
12841,147
12842,87
12843,134
12844,135
12845,137
12846,138
12847,170
12848,64
12849,91
12850,49
12851,51
12852,145
12853,173
12854,140
12855,141
12856,52
12857,132
12858,50
12859,134
12860,133
12861,137
12862,171
12863,67
12864,69
12865,169
12866,211
12867,148
12868,161
12869,182
12870,27
12871,130
12872,163
12873,177
12874,133
12875,163
12876,135
12877,145
12878,252
12879,135
12880,137
12881,150
12882,128
12883,137
12884,67
12885,70
12886,169
12887,161
12888,164
12889,137
12890,47
12891,54
12892,45
12893,97
12894,136
12895,139
12896,139
12897,57
12898,65
12899,157
12900,170
12901,129
12902,53
12903,132
12904,132
12905,144
12906,141
12907,141
12908,138
12909,142
12910,149
12911,149
12912,153
12913,90
12914,50
12915,134
12916,147
12917,141
12918,208
12919,135
12920,127
12921,70
12922,65
12923,95
12924,133
12925,136
12926,150
12927,135
12928,142
12929,8
12930,137
12931,133
12932,141
12933,52
12934,169
12935,9
12936,134
12937,132
12938,137
12939,143
12940,136
12941,137
12942,51
12943,90
12944,135
12945,185
12946,145
12947,51
12948,155
12949,139
12950,114
12951,147
12952,77
12953,155
12954,151
12955,28
12956,211
12957,136
12958,12
12959,177
12960,209
12961,95
12962,134
12963,139
12964,57
12965,163
12966,158
12967,135
12968,150
12969,142
12970,151
12971,54
12972,138
12973,117
12974,134
12975,138
12976,104
12977,156
12978,155
12979,152
12980,144
12981,228
12982,229
12983,94
12984,171
12985,164
12986,134
12987,127
12988,46
12989,47
12990,128
12991,138
12992,47
12993,130
12994,139
12995,275
12996,147
12997,156
12998,54
12999,149
13000,131
13001,130
13002,130
13003,139
13004,152
13005,157
13006,48
13007,50
13008,53
13009,131
13010,129
13011,139
13012,202
13013,152
13014,177
13015,183
13016,178
13017,49
13018,8
13019,142
13020,131
13021,95
13022,54
13023,51
13024,159
13025,175
13026,145
13027,135
13028,133
13029,138
13030,135
13031,136
13032,139
13033,95
13034,133
13035,138
13036,144
13037,52
13038,131
13039,135
13040,59
13041,226
13042,108
13043,137
13044,137
13045,136
13046,136
13047,52
13048,132
13049,137
13050,146
13051,184
13052,178
13053,83
13054,71
13055,169
13056,162
13057,137
13058,117
13059,138
13060,155
13061,119
13062,153
13063,137
13064,156
13065,138
13066,189
13067,197
13068,140
13069,70
13070,164
13071,91
13072,132
13073,130
13074,49
13075,180
13076,149
13077,145
13078,49
13079,136
13080,130
13081,65
13082,158
13083,127
13084,91
13085,9
13086,133
13087,134
13088,135
13089,149
13090,94
13091,50
13092,148
13093,151
13094,167
13095,156
13096,135
13097,138
13098,65
13099,183
13100,149
13101,138
13102,129
13103,138
13104,225
13105,175
13106,162
13107,162
13108,133
13109,145
13110,143
13111,132
13112,50
13113,137
13114,137
13115,137
13116,161
13117,116
13118,133
13119,50
13120,142
13121,50
13122,142
13123,139
13124,130
13125,158
13126,106
13127,178
13128,159
13129,180
13130,131
13131,267
13132,155
13133,142
13134,118
13135,145
13136,137
13137,265
13138,137
13139,17
13140,53
13141,67
13142,118
13143,145
13144,95
13145,230
13146,70
13147,70
13148,69
13149,156
13150,158
13151,165
13152,44
13153,131
13154,128
13155,50
13156,97
13157,131
13158,136
13159,48
13160,139
13161,145
13162,133
13163,139
13164,56
13165,57
13166,136
13167,167
13168,171
13169,247
13170,132
13171,56
13172,48
13173,139
13174,132
13175,50
13176,57
13177,50
13178,47
13179,131
13180,140
13181,70
13182,131
13183,223
13184,57
13185,178
13186,91
13187,209
13188,137
13189,135
13190,137
13191,147
13192,133
13193,141
13194,52
13195,143
13196,147
13197,107
13198,169
13199,96
13200,55
13201,53
13202,12
13203,226
13204,135
13205,136
13206,186
13207,51
13208,156
13209,139
13210,115
13211,148
13212,148
13213,152
13214,135
13215,228
13216,74
13217,186
13218,137
13219,131
13220,50
13221,137
13222,134
13223,136
13224,133
13225,151
13226,15
13227,155
13228,142
13229,148
13230,196
13231,69
13232,135
13233,186
13234,29
13235,175
13236,49
13237,148
13238,133
13239,127
13240,67
13241,157
13242,157
13243,156
13244,137
13245,140
13246,168
13247,82
13248,132
13249,157
13250,79
13251,136
13252,139
13253,138
13254,50
13255,51
13256,56
13257,57
13258,64
13259,144
13260,143
13261,152
13262,46
13263,156
13264,151
13265,135
13266,144
13267,133
13268,64
13269,145
13270,147
13271,55
13272,133
13273,140
13274,52
13275,52
13276,209
13277,95
13278,95
13279,71
13280,62
13281,161
13282,55
13283,133
13284,140
13285,142
13286,136
13287,60
13288,49
13289,150
13290,149
13291,142
13292,140
13293,114
13294,135
13295,155
13296,143
13297,179
13298,140
13299,114
13300,154
13301,147
13302,147
13303,57
13304,51
13305,66
13306,252
13307,159
13308,72
13309,50
13310,151
13311,101
13312,139
13313,150
13314,167
13315,139
13316,149
13317,160
13318,108
13319,145
13320,136
13321,145
13322,136
13323,177
13324,138
13325,153
13326,162
13327,189
13328,195
13329,156
13330,155
13331,141
13332,150
13333,145
13334,144
13335,144
13336,140
13337,139
13338,146
13339,164
13340,93
13341,60
13342,143
13343,59
13344,153
13345,47
13346,141
13347,137
13348,144
13349,138
13350,63
13351,146
13352,143
13353,147
13354,149
13355,167
13356,91
13357,140
13358,141
13359,66
13360,135
13361,130
13362,134
13363,25
13364,152
13365,153
13366,145
13367,160
13368,140
13369,134
13370,129
13371,140
13372,147
13373,176
13374,134
13375,186
13376,54
13377,134
13378,135
13379,48
13380,133
13381,55
13382,112
13383,100
13384,147
13385,69
13386,162
13387,183
13388,137
13389,140
13390,66
13391,90
13392,179
13393,139
13394,158
13395,65
13396,165
13397,153
13398,149
13399,150
13400,157
13401,161
13402,137
13403,155
13404,169
13405,141
13406,143
13407,160
13408,152
13409,157
13410,163
13411,150
13412,156
13413,148
13414,145
13415,157
13416,271
13417,170
13418,179
13419,139
13420,152
13421,154
13422,139
13423,55
13424,196
13425,140
13426,145
13427,118
13428,162
13429,124
13430,68
13431,166
13432,147
13433,150
13434,138
13435,141
13436,158
13437,158
13438,148
13439,132
13440,133
13441,130
13442,129
13443,138
13444,49
13445,130
13446,60
13447,62
13448,143
13449,166
13450,183
13451,56
13452,49
13453,49
13454,9
13455,10
13456,133
13457,129
13458,127
13459,143
13460,65
13461,167
13462,134
13463,153
13464,152
13465,114
13466,147
13467,154
13468,162
13469,153
13470,125
13471,206
13472,170
13473,88
13474,49
13475,135
13476,150
13477,132
13478,132
13479,136
13480,57
13481,137
13482,134
13483,146
13484,155
13485,156
13486,155
13487,155
13488,67
13489,132
13490,68
13491,159
13492,240
13493,180
13494,251
13495,140
13496,149
13497,143
13498,149
13499,169
13500,51
13501,137
13502,224
13503,223
13504,209
13505,226
13506,186
13507,53
13508,139
13509,143
13510,212
13511,135
13512,137
13513,137
13514,140
13515,56
13516,70
13517,71
13518,163
13519,75
13520,178
13521,100
13522,143
13523,144
13524,143
13525,143
13526,86
13527,49
13528,54
13529,138
13530,210
13531,68
13532,163
13533,164
13534,155
13535,168
13536,45
13537,77
13538,160
13539,145
13540,144
13541,269
13542,154
13543,152
13544,134
13545,147
13546,119
13547,69
13548,157
13549,140
13550,141
13551,226
13552,67
13553,159
13554,159
13555,171
13556,170
13557,173
13558,134
13559,49
13560,132
13561,49
13562,129
13563,51
13564,104
13565,151
13566,169
13567,158
13568,66
13569,154
13570,92
13571,137
13572,138
13573,130
13574,50
13575,140
13576,103
13577,238
13578,148
13579,267
13580,138
13581,133
13582,149
13583,129
13584,133
13585,134
13586,170
13587,148
13588,22
13589,145
13590,26
13591,50
13592,142
13593,133
13594,133
13595,131
13596,53
13597,23
13598,157
13599,142
13600,97
13601,142
13602,152
13603,148
13604,166
13605,59
13606,96
13607,196
13608,68
13609,136
13610,149
13611,138
13612,134
13613,151
13614,141
13615,147
13616,154
13617,147
13618,160
13619,142
13620,58
13621,58
13622,144
13623,167
13624,140
13625,140
13626,161
13627,136
13628,147
13629,69
13630,53
13631,52
13632,130
13633,145
13634,128
13635,49
13636,137
13637,131
13638,51
13639,48
13640,138
13641,141
13642,146
13643,141
13644,134
13645,135
13646,207
13647,131
13648,143
13649,51
13650,141
13651,138
13652,134
13653,134
13654,52
13655,53
13656,146
13657,134
13658,143
13659,92
13660,92
13661,209
13662,7
13663,146
13664,130
13665,210
13666,210
13667,53
13668,142
13669,113
13670,64
13671,54
13672,53
13673,145
13674,272
13675,72
13676,154
13677,138
13678,211
13679,136
13680,186
13681,134
13682,159
13683,24
13684,182
13685,149
13686,150
13687,151
13688,157
13689,147
13690,152
13691,60
13692,54
13693,53
13694,135
13695,151
13696,140
13697,148
13698,49
13699,142
13700,73
13701,156
13702,151
13703,157
13704,164
13705,208
13706,155
13707,149
13708,164
13709,155
13710,145
13711,145
13712,152
13713,142
13714,56
13715,137
13716,57
13717,197
13718,144
13719,139
13720,140
13721,139
13722,138
13723,138
13724,56
13725,151
13726,124
13727,68
13728,161
13729,168
13730,212
13731,148
13732,138
13733,48
13734,137
13735,136
13736,132
13737,131
13738,140
13739,140
13740,140
13741,21
13742,152
13743,152
13744,148
13745,62
13746,129
13747,141
13748,51
13749,48
13750,143
13751,97
13752,153
13753,153
13754,156
13755,238
13756,114
13757,149
13758,147
13759,155
13760,141
13761,153
13762,156
13763,125
13764,63
13765,65
13766,53
13767,209
13768,140
13769,146
13770,148
13771,134
13772,135
13773,181
13774,265
13775,135
13776,222
13777,159
13778,150
13779,144
13780,145
13781,146
13782,155
13783,149
13784,65
13785,143
13786,138
13787,113
13788,179
13789,58
13790,55
13791,140
13792,138
13793,149
13794,72
13795,68
13796,106
13797,224
13798,148
13799,66
13800,208
13801,151
13802,162
13803,11
13804,138
13805,136
13806,145
13807,72
13808,150
13809,147
13810,152
13811,112
13812,161
13813,165
13814,170
13815,162
13816,164
13817,224
13818,157
13819,147
13820,152
13821,157
13822,162
13823,61
13824,151
13825,153
13826,148
13827,145
13828,183
13829,161
13830,166
13831,153
13832,156
13833,161
13834,168
13835,53
13836,113
13837,124
13838,152
13839,68
13840,159
13841,188
13842,140
13843,225
13844,26
13845,67
13846,164
13847,153
13848,155
13849,160
13850,166
13851,160
13852,159
13853,171
13854,26
13855,153
13856,170
13857,160
13858,63
13859,219
13860,145
13861,153
13862,146
13863,148
13864,142
13865,62
13866,69
13867,152
13868,150
13869,159
13870,168
13871,153
13872,157
13873,157
13874,134
13875,206
13876,143
13877,153
13878,152
13879,149
13880,114
13881,160
13882,148
13883,154
13884,153
13885,153
13886,152
13887,124
13888,220
13889,261
13890,147
13891,156
13892,153
13893,149
13894,149
13895,146
13896,152
13897,66
13898,133
13899,196
13900,207
13901,223
13902,221
13903,262
13904,62
13905,63
13906,149
13907,150
13908,66
13909,149
13910,146
13911,164
13912,158
13913,64
13914,106
13915,149
13916,55
13917,147
13918,154
13919,65
13920,157
13921,208
13922,151
13923,162
13924,146
13925,66
13926,148
13927,147
13928,64
13929,64
13930,63
13931,158
13932,168
13933,156
13934,185
13935,188
13936,108
13937,230
13938,155
13939,71
13940,156
13941,158
13942,151
13943,162
13944,163
13945,162
13946,110
13947,145
13948,149
13949,65
13950,150
13951,156
13952,150
13953,157
13954,150
13955,53
13956,145
13957,140
13958,144
13959,145
13960,66
13961,164
13962,155
13963,147
13964,157
13965,157
13966,168
13967,141
13968,139
13969,135
13970,144
13971,143
13972,141
13973,224
13974,67
13975,67
13976,154
13977,149
13978,156
13979,160
13980,161
13981,172
13982,26
13983,170
13984,55
13985,53
13986,140
13987,141
13988,146
13989,133
13990,70
13991,67
13992,152
13993,69
13994,169
13995,148
13996,151
13997,69
13998,167
13999,86
14000,52
14001,132
14002,139
14003,134
14004,54
14005,130
14006,101
14007,103
14008,180
14009,155
14010,152
14011,146
14012,145
14013,155
14014,90
14015,134
14016,143
14017,130
14018,49
14019,99
14020,107
14021,104
14022,153
14023,161
14024,148
14025,156
14026,65
14027,8
14028,143
14029,132
14030,96
14031,109
14032,223
14033,63
14034,168
14035,153
14036,154
14037,151
14038,156
14039,66
14040,135
14041,146
14042,54
14043,140
14044,162
14045,73
14046,150
14047,149
14048,151
14049,158
14050,163
14051,150
14052,60
14053,137
14054,251
14055,213
14056,138
14057,171
14058,137
14059,145
14060,141
14061,146
14062,138
14063,144
14064,146
14065,54
14066,128
14067,61
14068,213
14069,137
14070,229
14071,136
14072,137
14073,144
14074,99
14075,135
14076,148
14077,56
14078,55
14079,147
14080,141
14081,7
14082,135
14083,46
14084,140
14085,136
14086,134
14087,46
14088,48
14089,142
14090,137
14091,211
14092,54
14093,48
14094,134
14095,141
14096,131
14097,150
14098,136
14099,166
14100,135
14101,133
14102,150
14103,51
14104,136
14105,137
14106,268
14107,149
14108,148
14109,10
14110,138
14111,134
14112,184
14113,137
14114,149
14115,148
14116,50
14117,190
14118,142
14119,146
14120,55
14121,53
14122,53
14123,134
14124,146
14125,56
14126,52
14127,50
14128,142
14129,129
14130,139
14131,139
14132,148
14133,183
14134,137
14135,210
14136,141
14137,140
14138,155
14139,210
14140,144
14141,160
14142,139
14143,135
14144,136
14145,138
14146,147
14147,132
14148,153
14149,63
14150,254
14151,136
14152,51
14153,145
14154,144
14155,134
14156,63
14157,98
14158,146
14159,152
14160,146
14161,160
14162,75
14163,57
14164,255
14165,137
14166,148
14167,55
14168,15
14169,152
14170,146
14171,155
14172,62
14173,256
14174,135
14175,155
14176,146
14177,159
14178,146
14179,138
14180,52
14181,48
14182,7
14183,141
14184,132
14185,139
14186,142
14187,141
14188,137
14189,132
14190,8
14191,165
14192,47
14193,159
14194,131
14195,53
14196,129
14197,128
14198,143
14199,207
14200,196
14201,207
14202,113
14203,179
14204,89
14205,49
14206,140
14207,134
14208,156
14209,52
14210,134
14211,145
14212,142
14213,52
14214,143
14215,143
14216,137
14217,133
14218,145
14219,143
14220,252
14221,211
14222,145
14223,267
14224,143
14225,135
14226,137
14227,53
14228,150
14229,98
14230,154
14231,211
14232,213
14233,147
14234,139
14235,140
14236,141
14237,145
14238,139
14239,54
14240,119
14241,142
14242,148
14243,148
14244,144
14245,139
14246,63
14247,136
14248,139
14249,160
14250,140
14251,138
14252,215
14253,152
14254,56
14255,145
14256,140
14257,140
14258,147
14259,49
14260,49
14261,146
14262,141
14263,128
14264,48
14265,47
14266,139
14267,94
14268,49
14269,154
14270,133
14271,133
14272,143
14273,197
14274,144
14275,141
14276,136
14277,141
14278,99
14279,207
14280,54
14281,138
14282,153
14283,207
14284,135
14285,50
14286,133
14287,152
14288,133
14289,145
14290,136
14291,51
14292,138
14293,151
14294,145
14295,249
14296,134
14297,132
14298,115
14299,53
14300,169
14301,133
14302,146
14303,137
14304,56
14305,140
14306,138
14307,146
14308,121
14309,55
14310,140
14311,140
14312,138
14313,137
14314,62
14315,136
14316,148
14317,141
14318,148
14319,55
14320,146
14321,156
14322,163
14323,152
14324,147
14325,153
14326,135
14327,140
14328,54
14329,141
14330,142
14331,148
14332,129
14333,55
14334,55
14335,151
14336,187
14337,146
14338,140
14339,146
14340,145
14341,142
14342,146
14343,145
14344,147
14345,96
14346,139
14347,138
14348,55
14349,134
14350,146
14351,116
14352,142
14353,156
14354,113
14355,179
14356,207
14357,50
14358,136
14359,146
14360,134
14361,135
14362,139
14363,137
14364,135
14365,129
14366,50
14367,52
14368,137
14369,159
14370,51
14371,160
14372,137
14373,136
14374,48
14375,182
14376,148
14377,140
14378,144
14379,126
14380,51
14381,117
14382,158
14383,143
14384,132
14385,97
14386,107
14387,136
14388,52
14389,138
14390,145
14391,49
14392,183
14393,184
14394,138
14395,138
14396,144
14397,159
14398,137
14399,49
14400,143
14401,153
14402,52
14403,142
14404,139
14405,144
14406,148
14407,147
14408,159
14409,61
14410,54
14411,143
14412,139
14413,149
14414,134
14415,159
14416,159
14417,144
14418,55
14419,136
14420,185
14421,176
14422,54
14423,211
14424,140
14425,53
14426,54
14427,53
14428,12
14429,136
14430,160
14431,161
14432,268
14433,136
14434,156
14435,118
14436,70
14437,54
14438,53
14439,54
14440,146
14441,147
14442,144
14443,146
14444,154
14445,144
14446,137
14447,139
14448,153
14449,128
14450,53
14451,141
14452,146
14453,146
14454,186
14455,146
14456,75
14457,60
14458,196
14459,136
14460,152
14461,140
14462,147
14463,141
14464,141
14465,156
14466,137
14467,146
14468,70
14469,99
14470,152
14471,148
14472,138
14473,55
14474,145
14475,139
14476,211
14477,149
14478,147
14479,144
14480,56
14481,166
14482,159
14483,141
14484,131
14485,132
14486,137
14487,134
14488,132
14489,146
14490,136
14491,165
14492,91
14493,49
14494,142
14495,130
14496,130
14497,144
14498,157
14499,113
14500,179
14501,141
14502,141
14503,266
14504,135
14505,55
14506,51
14507,137
14508,145
14509,58
14510,52
14511,97
14512,92
14513,211
14514,52
14515,131
14516,137
14517,138
14518,152
14519,135
14520,143
14521,136
14522,151
14523,135
14524,150
14525,113
14526,112
14527,160
14528,90
14529,138
14530,54
14531,145
14532,53
14533,145
14534,115
14535,143
14536,62
14537,57
14538,54
14539,140
14540,140
14541,146
14542,139
14543,146
14544,152
14545,138
14546,145
14547,145
14548,253
14549,137
14550,53
14551,52
14552,16
14553,186
14554,143
14555,147
14556,140
14557,185
14558,137
14559,161
14560,76
14561,171
14562,148
14563,138
14564,145
14565,141
14566,252
14567,101
14568,214
14569,55
14570,55
14571,143
14572,226
14573,146
14574,143
14575,145
14576,55
14577,143
14578,154
14579,151
14580,154
14581,50
14582,158
14583,53
14584,131
14585,141
14586,154
14587,95
14588,208
14589,135
14590,49
14591,136
14592,55
14593,52
14594,164
14595,158
14596,207
14597,112
14598,179
14599,50
14600,168
14601,135
14602,52
14603,142
14604,268
14605,135
14606,206
14607,49
14608,51
14609,143
14610,56
14611,153
14612,157
14613,136
14614,161
14615,138
14616,143
14617,142
14618,133
14619,146
14620,135
14621,146
14622,143
14623,55
14624,115
14625,12
14626,144
14627,147
14628,122
14629,84
14630,95
14631,146
14632,143
14633,137
14634,144
14635,131
14636,54
14637,139
14638,54
14639,153
14640,160
14641,177
14642,137
14643,52
14644,160
14645,152
14646,146
14647,139
14648,161
14649,58
14650,56
14651,135
14652,146
14653,142
14654,119
14655,56
14656,148
14657,138
14658,139
14659,140
14660,149
14661,145
14662,122
14663,14
14664,214
14665,55
14666,55
14667,196
14668,142
14669,161
14670,165
14671,128
14672,127
14673,67
14674,148
14675,146
14676,147
14677,148
14678,146
14679,145
14680,153
14681,164
14682,214
14683,158
14684,149
14685,146
14686,116
14687,57
14688,56
14689,148
14690,156
14691,146
14692,113
14693,126
14694,140
14695,147
14696,150
14697,151
14698,149
14699,150
14700,150
14701,149
14702,247
14703,209
14704,50
14705,50
14706,188
14707,143
14708,141
14709,143
14710,126
14711,166
14712,88
14713,141
14714,136
14715,160
14716,166
14717,166
14718,150
14719,134
14720,130
14721,145
14722,150
14723,150
14724,133
14725,69
14726,206
14727,206
14728,144
14729,154
14730,135
14731,143
14732,138
14733,138
14734,143
14735,161
14736,150
14737,144
14738,267
14739,135
14740,145
14741,116
14742,137
14743,52
14744,136
14745,55
14746,52
14747,193
14748,134
14749,143
14750,109
14751,141
14752,148
14753,136
14754,145
14755,159
14756,122
14757,211
14758,55
14759,140
14760,143
14761,185
14762,176
14763,168
14764,212
14765,140
14766,135
14767,147
14768,157
14769,214
14770,134
14771,151
14772,229
14773,139
14774,155
14775,140
14776,136
14777,147
14778,57
14779,98
14780,152
14781,230
14782,156
14783,118
14784,210
14785,141
14786,153
14787,139
14788,139
14789,138
14790,155
14791,76
14792,55
14793,155
14794,138
14795,140
14796,146
14797,172
14798,140
14799,60
14800,55
14801,61
14802,151
14803,144
14804,142
14805,62
14806,60
14807,66
14808,153
14809,151
14810,144
14811,122
14812,79
14813,116
14814,55
14815,148
14816,149
14817,137
14818,139
14819,157
14820,142
14821,113
14822,162
14823,212
14824,67
14825,138
14826,148
14827,141
14828,187
14829,118
14830,146
14831,49
14832,137
14833,143
14834,160
14835,137
14836,148
14837,135
14838,132
14839,147
14840,132
14841,136
14842,137
14843,133
14844,134
14845,137
14846,176
14847,210
14848,139
14849,149
14850,132
14851,145
14852,139
14853,136
14854,136
14855,137
14856,144
14857,52
14858,139
14859,155
14860,53
14861,54
14862,137
14863,150
14864,114
14865,209
14866,112
14867,138
14868,145
14869,136
14870,150
14871,143
14872,152
14873,136
14874,148
14875,135
14876,151
14877,265
14878,152
14879,56
14880,71
14881,98
14882,138
14883,55
14884,137
14885,143
14886,140
14887,145
14888,145
14889,141
14890,210
14891,136
14892,54
14893,50
14894,135
14895,144
14896,115
14897,135
14898,144
14899,146
14900,138
14901,54
14902,144
14903,144
14904,147
14905,140
14906,99
14907,54
14908,55
14909,52
14910,54
14911,137
14912,134
14913,157
14914,117
14915,70
14916,140
14917,192
14918,155
14919,140
14920,146
14921,147
14922,56
14923,154
14924,60
14925,62
14926,56
14927,138
14928,122
14929,54
14930,144
14931,152
14932,142
14933,138
14934,144
14935,221
14936,143
14937,59
14938,146
14939,145
14940,148
14941,156
14942,121
14943,66
14944,55
14945,153
14946,146
14947,153
14948,147
14949,145
14950,171
14951,142
14952,63
14953,67
14954,56
14955,114
14956,97
14957,151
14958,195
14959,209
14960,133
14961,138
14962,139
14963,139
14964,134
14965,134
14966,150
14967,135
14968,137
14969,122
14970,55
14971,53
14972,151
14973,165
14974,135
14975,158
14976,117
14977,52
14978,11
14979,152
14980,97
14981,242
14982,117
14983,247
14984,133
14985,138
14986,142
14987,54
14988,210
14989,143
14990,137
14991,137
14992,113
14993,137
14994,135
14995,137
14996,145
14997,137
14998,150
14999,148
15000,150
15001,56
15002,132
15003,134
15004,123
15005,82
15006,211
15007,139
15008,139
15009,52
15010,54
15011,140
15012,186
15013,139
15014,116
15015,133
15016,135
15017,154
15018,133
15019,145
15020,175
15021,176
15022,145
15023,187
15024,147
15025,145
15026,161
15027,102
15028,212
15029,154
15030,12
15031,56
15032,141
15033,146
15034,213
15035,95
15036,170
15037,137
15038,134
15039,154
15040,138
15041,149
15042,154
15043,152
15044,150
15045,172
15046,123
15047,55
15048,147
15049,139
15050,142
15051,140
15052,149
15053,145
15054,162
15055,218
15056,60
15057,65
15058,67
15059,60
15060,154
15061,149
15062,147
15063,147
15064,145
15065,145
15066,155
15067,164
15068,228
15069,149
15070,153
15071,160
15072,171
15073,154
15074,160
15075,179
15076,173
15077,142
15078,141
15079,146
15080,153
15081,154
15082,125
15083,143
15084,143
15085,149
15086,151
15087,150
15088,151
15089,112
15090,154
15091,158
15092,168
15093,161
15094,100
15095,150
15096,148
15097,139
15098,147
15099,164
15100,135
15101,159
15102,170
15103,54
15104,209
15105,133
15106,151
15107,207
15108,151
15109,151
15110,135
15111,70
15112,149
15113,146
15114,165
15115,180
15116,65
15117,58
15118,136
15119,151
15120,138
15121,138
15122,144
15123,145
15124,133
15125,142
15126,140
15127,131
15128,137
15129,222
15130,151
15131,159
15132,124
15133,116
15134,95
15135,55
15136,135
15137,52
15138,49
15139,153
15140,143
15141,96
15142,138
15143,122
15144,83
15145,124
15146,52
15147,137
15148,115
15149,108
15150,148
15151,64
15152,71
15153,152
15154,176
15155,87
15156,121
15157,213
15158,12
15159,271
15160,160
15161,54
15162,56
15163,212
15164,63
15165,150
15166,157
15167,147
15168,161
15169,226
15170,224
15171,145
15172,149
15173,159
15174,157
15175,99
15176,120
15177,212
15178,140
15179,137
15180,54
15181,145
15182,154
15183,147
15184,136
15185,146
15186,121
15187,54
15188,153
15189,136
15190,139
15191,138
15192,146
15193,155
15194,160
15195,126
15196,62
15197,65
15198,160
15199,152
15200,150
15201,148
15202,148
15203,152
15204,147
15205,146
15206,145
15207,164
15208,128
15209,169
15210,103
15211,62
15212,59
15213,161
15214,150
15215,147
15216,121
15217,79
15218,73
15219,82
15220,168
15221,107
15222,213
15223,57
15224,146
15225,149
15226,150
15227,155
15228,151
15229,57
15230,146
15231,60
15232,187
15233,154
15234,153
15235,146
15236,119
15237,150
15238,62
15239,92
15240,70
15241,153
15242,168
15243,151
15244,118
15245,150
15246,133
15247,135
15248,148
15249,152
15250,150
15251,150
15252,133
15253,69
15254,136
15255,143
15256,166
15257,175
15258,198
15259,149
15260,150
15261,50
15262,143
15263,141
15264,142
15265,144
15266,145
15267,96
15268,142
15269,138
15270,133
15271,155
15272,144
15273,52
15274,170
15275,148
15276,143
15277,108
15278,117
15279,152
15280,134
15281,144
15282,265
15283,152
15284,70
15285,138
15286,151
15287,148
15288,157
15289,158
15290,212
15291,211
15292,135
15293,12
15294,136
15295,147
15296,147
15297,158
15298,159
15299,144
15300,209
15301,53
15302,146
15303,172
15304,144
15305,144
15306,138
15307,139
15308,68
15309,160
15310,169
15311,138
15312,52
15313,154
15314,145
15315,136
15316,153
15317,140
15318,138
15319,156
15320,144
15321,134
15322,154
15323,113
15324,28
15325,155
15326,218
15327,178
15328,63
15329,73
15330,156
15331,152
15332,144
15333,139
15334,145
15335,144
15336,153
15337,79
15338,79
15339,221
15340,59
15341,146
15342,147
15343,148
15344,143
15345,145
15346,156
15347,151
15348,70
15349,161
15350,176
15351,131
15352,102
15353,142
15354,187
15355,146
15356,118
15357,152
15358,252
15359,148
15360,56
15361,148
15362,115
15363,97
15364,138
15365,137
15366,138
15367,163
15368,195
15369,135
15370,112
15371,68
15372,226
15373,162
15374,176
15375,95
15376,146
15377,210
15378,52
15379,48
15380,142
15381,143
15382,151
15383,131
15384,143
15385,134
15386,242
15387,176
15388,146
15389,52
15390,137
15391,139
15392,133
15393,137
15394,144
15395,97
15396,54
15397,138
15398,138
15399,131
15400,51
15401,138
15402,142
15403,140
15404,144
15405,139
15406,142
15407,135
15408,134
15409,143
15410,140
15411,156
15412,162
15413,248
15414,59
15415,90
15416,208
15417,156
15418,61
15419,151
15420,137
15421,146
15422,134
15423,134
15424,145
15425,145
15426,145
15427,266
15428,151
15429,213
15430,133
15431,58
15432,132
15433,58
15434,140
15435,183
15436,150
15437,159
15438,159
15439,150
15440,179
15441,54
15442,171
15443,145
15444,145
15445,144
15446,147
15447,149
15448,146
15449,212
15450,137
15451,138
15452,54
15453,141
15454,135
15455,135
15456,156
15457,147
15458,148
15459,270
15460,141
15461,138
15462,146
15463,146
15464,149
15465,117
15466,135
15467,69
15468,172
15469,70
15470,59
15471,226
15472,161
15473,161
15474,154
15475,178
15476,70
15477,222
15478,60
15479,61
15480,58
15481,60
15482,62
15483,154
15484,152
15485,146
15486,145
15487,148
15488,147
15489,152
15490,113
15491,227
15492,68
15493,68
15494,69
15495,160
15496,156
15497,155
15498,171
15499,70
15500,158
15501,154
15502,160
15503,142
15504,57
15505,56
15506,148
15507,114
15508,144
15509,97
15510,151
15511,140
15512,147
15513,134
15514,195
15515,115
15516,69
15517,226
15518,159
15519,117
15520,52
15521,52
15522,95
15523,134
15524,132
15525,149
15526,160
15527,148
15528,154
15529,157
15530,255
15531,180
15532,65
15533,152
15534,152
15535,151
15536,55
15537,53
15538,141
15539,143
15540,103
15541,52
15542,123
15543,152
15544,159
15545,127
15546,205
15547,109
15548,212
15549,139
15550,140
15551,141
15552,230
15553,133
15554,203
15555,225
15556,26
15557,159
15558,177
15559,175
15560,87
15561,152
15562,149
15563,213
15564,210
15565,53
15566,146
15567,134
15568,134
15569,140
15570,148
15571,146
15572,183
15573,64
15574,144
15575,153
15576,158
15577,137
15578,172
15579,241
15580,152
15581,206
15582,165
15583,165
15584,156
15585,172
15586,69
15587,170
15588,152
15589,165
15590,152
15591,152
15592,175
15593,227
15594,151
15595,169
15596,155
15597,111
15598,166
15599,153
15600,229
15601,73
15602,70
15603,74
15604,158
15605,154
15606,155
15607,170
15608,156
15609,159
15610,172
15611,152
15612,161
15613,160
15614,179
15615,177
15616,178
15617,210
15618,178
15619,87
15620,73
15621,68
15622,69
15623,226
15624,155
15625,162
15626,162
15627,155
15628,152
15629,80
15630,29
15631,157
15632,171
15633,260
15634,94
15635,69
15636,69
15637,155
15638,156
15639,163
15640,101
15641,261
15642,149
15643,62
15644,150
15645,236
15646,149
15647,154
15648,144
15649,157
15650,110
15651,65
15652,106
15653,150
15654,237
15655,161
15656,157
15657,149
15658,171
15659,165
15660,150
15661,161
15662,155
15663,156
15664,151
15665,153
15666,151
15667,282
15668,106
15669,224
15670,147
15671,153
15672,237
15673,110
15674,223
15675,151
15676,151
15677,176
15678,183
15679,128
15680,87
15681,123
15682,182
15683,225
15684,74
15685,150
15686,66
15687,160
15688,142
15689,57
15690,183
15691,64
15692,177
15693,166
15694,144
15695,163
15696,69
15697,167
15698,150
15699,166
15700,169
15701,174
15702,68
15703,173
15704,157
15705,160
15706,136
15707,171
15708,184
15709,151
15710,67
15711,157
15712,155
15713,168
15714,152
15715,182
15716,154
15717,67
15718,154
15719,152
15720,147
15721,151
15722,150
15723,169
15724,114
15725,67
15726,136
15727,176
15728,162
15729,160
15730,158
15731,202
15732,179
15733,135
15734,28
15735,159
15736,151
15737,160
15738,266
15739,90
15740,68
15741,157
15742,147
15743,188
15744,92
15745,159
15746,154
15747,156
15748,157
15749,288
15750,154
15751,74
15752,162
15753,171
15754,228
15755,112
15756,161
15757,132
15758,149
15759,151
15760,152
15761,148
15762,154
15763,151
15764,148
15765,169
15766,157
15767,161
15768,145
15769,157
15770,149
15771,180
15772,110
15773,160
15774,71
15775,149
15776,64
15777,61
15778,150
15779,145
15780,147
15781,204
15782,69
15783,152
15784,63
15785,156
15786,144
15787,153
15788,151
15789,147
15790,158
15791,145
15792,150
15793,148
15794,66
15795,160
15796,148
15797,151
15798,159
15799,178
15800,163
15801,174
15802,154
15803,66
15804,66
15805,168
15806,199
15807,163
15808,168
15809,154
15810,158
15811,159
15812,160
15813,175
15814,155
15815,184
15816,26
15817,186
15818,174
15819,125
15820,165
15821,159
15822,151
15823,113
15824,60
15825,226
15826,185
15827,161
15828,157
15829,160
15830,149
15831,154
15832,77
15833,50
15834,155
15835,149
15836,29
15837,152
15838,159
15839,73
15840,82
15841,70
15842,29
15843,163
15844,161
15845,203
15846,153
15847,158
15848,138
15849,188
15850,226
15851,270
15852,69
15853,115
15854,163
15855,92
15856,74
15857,92
15858,158
15859,157
15860,155
15861,156
15862,160
15863,168
15864,150
15865,70
15866,162
15867,134
15868,92
15869,132
15870,65
15871,65
15872,67
15873,180
15874,75
15875,74
15876,67
15877,167
15878,157
15879,226
15880,63
15881,150
15882,145
15883,70
15884,224
15885,148
15886,197
15887,163
15888,166
15889,170
15890,188
15891,132
15892,66
15893,153
15894,154
15895,127
15896,169
15897,152
15898,65
15899,157
15900,111
15901,138
15902,152
15903,164
15904,151
15905,197
15906,164
15907,70
15908,179
15909,111
15910,146
15911,152
15912,149
15913,148
15914,175
15915,175
15916,152
15917,24
15918,67
15919,160
15920,159
15921,186
15922,159
15923,155
15924,153
15925,167
15926,162
15927,160
15928,174
15929,195
15930,138
15931,173
15932,184
15933,153
15934,65
15935,157
15936,151
15937,161
15938,159
15939,162
15940,184
15941,69
15942,207
15943,156
15944,183
15945,60
15946,225
15947,29
15948,161
15949,165
15950,150
15951,162
15952,155
15953,163
15954,167
15955,69
15956,71
15957,137
15958,172
15959,165
15960,155
15961,161
15962,85
15963,69
15964,270
15965,75
15966,162
15967,175
15968,138
15969,178
15970,151
15971,152
15972,179
15973,175
15974,88
15975,270
15976,71
15977,162
15978,288
15979,156
15980,229
15981,227
15982,114
15983,157
15984,159
15985,164
15986,152
15987,161
15988,137
15989,94
15990,272
15991,70
15992,168
15993,158
15994,164
15995,169
15996,162
15997,157
15998,164
15999,156
16000,152
16001,163
16002,161
16003,148
16004,92
16005,180
16006,159
16007,163
16008,166
16009,150
16010,151
16011,70
16012,160
16013,191
16014,164
16015,65
16016,155
16017,157
16018,181
16019,65
16020,152
16021,64
16022,24
16023,157
16024,158
16025,148
16026,151
16027,151
16028,158
16029,126
16030,151
16031,63
16032,24
16033,150
16034,154
16035,206
16036,187
16037,156
16038,157
16039,158
16040,152
16041,158
16042,242
16043,167
16044,147
16045,151
16046,222
16047,66
16048,151
16049,159
16050,159
16051,131
16052,58
16053,224
16054,66
16055,148
16056,150
16057,160
16058,160
16059,164
16060,204
16061,130
16062,166
16063,159
16064,181
16065,138
16066,173
16067,69
16068,68
16069,155
16070,161
16071,146
16072,148
16073,152
16074,160
16075,239
16076,186
16077,152
16078,69
16079,202
16080,186
16081,203
16082,159
16083,160
16084,152
16085,158
16086,27
16087,168
16088,161
16089,160
16090,170
16091,162
16092,179
16093,227
16094,177
16095,76
16096,150
16097,28
16098,70
16099,159
16100,242
16101,168
16102,170
16103,163
16104,178
16105,87
16106,74
16107,71
16108,165
16109,163
16110,151
16111,178
16112,44
16113,153
16114,154
16115,69
16116,166
16117,157
16118,154
16119,164
16120,185
16121,136
16122,94
16123,71
16124,70
16125,157
16126,169
16127,157
16128,163
16129,164
16130,177
16131,73
16132,230
16133,229
16134,165
16135,132
16136,79
16137,230
16138,171
16139,132
16140,150
16141,152
16142,159
16143,160
16144,151
16145,147
16146,149
16147,166
16148,24
16149,64
16150,63
16151,148
16152,146
16153,151
16154,156
16155,263
16156,66
16157,157
16158,147
16159,157
16160,159
16161,85
16162,225
16163,266
16164,167
16165,58
16166,152
16167,26
16168,66
16169,26
16170,148
16171,154
16172,145
16173,148
16174,156
16175,149
16176,177
16177,65
16178,66
16179,160
16180,156
16181,164
16182,158
16183,161
16184,144
16185,165
16186,152
16187,159
16188,70
16189,109
16190,154
16191,158
16192,150
16193,89
16194,136
16195,69
16196,154
16197,154
16198,154
16199,154
16200,148
16201,150
16202,77
16203,186
16204,154
16205,152
16206,160
16207,169
16208,149
16209,116
16210,225
16211,155
16212,267
16213,69
16214,50
16215,167
16216,156
16217,230
16218,266
16219,162
16220,161
16221,177
16222,146
16223,70
16224,76
16225,157
16226,153
16227,151
16228,159
16229,160
16230,161
16231,155
16232,187
16233,160
16234,164
16235,227
16236,155
16237,150
16238,131
16239,163
16240,156
16241,70
16242,169
16243,209
16244,154
16245,158
16246,135
16247,93
16248,221
16249,224
16250,151
16251,152
16252,163
16253,148
16254,147
16255,160
16256,225
16257,148
16258,149
16259,154
16260,151
16261,163
16262,162
16263,158
16264,147
16265,124
16266,168
16267,183
16268,225
16269,181
16270,151
16271,150
16272,155
16273,152
16274,107
16275,64
16276,150
16277,153
16278,148
16279,152
16280,151
16281,151
16282,67
16283,167
16284,65
16285,159
16286,153
16287,150
16288,186
16289,71
16290,185
16291,225
16292,69
16293,161
16294,153
16295,152
16296,159
16297,174
16298,185
16299,68
16300,168
16301,153
16302,160
16303,154
16304,183
16305,154
16306,70
16307,70
16308,65
16309,156
16310,161
16311,50
16312,166
16313,155
16314,168
16315,77
16316,172
16317,152
16318,160
16319,154
16320,167
16321,150
16322,86
16323,154
16324,151
16325,74
16326,68
16327,27
16328,154
16329,161
16330,152
16331,266
16332,188
16333,71
16334,270
16335,71
16336,171
16337,71
16338,229
16339,153
16340,71
16341,32
16342,70
16343,157
16344,157
16345,160
16346,112
16347,135
16348,93
16349,140
16350,154
16351,32
16352,69
16353,160
16354,155
16355,164
16356,148
16357,162
16358,110
16359,152
16360,227
16361,147
16362,152
16363,179
16364,182
16365,67
16366,155
16367,148
16368,159
16369,205
16370,109
16371,225
16372,111
16373,159
16374,185
16375,160
16376,26
16377,160
16378,159
16379,223
16380,166
16381,180
16382,227
16383,155
16384,152
16385,163
16386,159
16387,159
16388,153
16389,155
16390,182
16391,173
16392,154
16393,159
16394,155
16395,184
16396,78
16397,173
16398,115
16399,68
16400,285
16401,287
16402,154
16403,149
16404,75
16405,86
16406,156
16407,69
16408,162
16409,155
16410,287
16411,153
16412,170
16413,70
16414,134
16415,153
16416,83
16417,160
16418,161
16419,150
16420,164
16421,156
16422,161
16423,179
16424,44
16425,77
16426,161
16427,164
16428,157
16429,163
16430,286
16431,160
16432,159
16433,117
16434,81
16435,157
16436,164
16437,157
16438,158
16439,147
16440,165
16441,231
16442,70
16443,162
16444,171
16445,158
16446,164
16447,165
16448,155
16449,133
16450,223
16451,165
16452,198
16453,239
16454,163
16455,148
16456,181
16457,110
16458,162
16459,74
16460,64
16461,64
16462,65
16463,149
16464,152
16465,159
16466,172
16467,66
16468,66
16469,150
16470,67
16471,167
16472,151
16473,184
16474,152
16475,183
16476,148
16477,267
16478,66
16479,157
16480,157
16481,222
16482,131
16483,160
16484,149
16485,159
16486,176
16487,176
16488,191
16489,70
16490,180
16491,144
16492,160
16493,159
16494,281
16495,150
16496,154
16497,168
16498,203
16499,180
16500,152
16501,66
16502,150
16503,150
16504,151
16505,152
16506,161
16507,155
16508,70
16509,156
16510,156
16511,172
16512,171
16513,44
16514,229
16515,151
16516,29
16517,162
16518,153
16519,111
16520,163
16521,160
16522,79
16523,79
16524,72
16525,205
16526,205
16527,164
16528,171
16529,154
16530,158
16531,154
16532,164
16533,163
16534,170
16535,133
16536,66
16537,66
16538,64
16539,153
16540,159
16541,181
16542,68
16543,173
16544,67
16545,68
16546,107
16547,266
16548,147
16549,152
16550,67
16551,144
16552,150
16553,146
16554,148
16555,154
16556,158
16557,202
16558,159
16559,181
6921,146
6931,150
6932,152
6933,150
6934,159
6935,159
6936,18
6956,152
6957,153
6958,158
6959,146
6974,150
6975,160
6998,141
7048,137
7116,29
7209,138
7237,134
7238,156
7239,119
7253,129
7262,52
7306,150
7322,143
7337,55
7338,119
7348,138
7356,134
7360,48
7401,52
7402,144
7443,211
7444,135
7445,69
7461,99
7462,137
7463,43
7464,141
7465,141
7480,72
7512,186
7513,156
7514,115
7538,155
7579,157
7580,157
7581,153
7582,151
7591,182
7599,144
7628,141
7642,147
7723,161
7735,140
7736,119
7749,146
7820,142
7871,53
7872,136
7906,210
7907,51
7908,11
7909,142
7941,143
7971,134
7999,114
8000,215
8001,137
8002,72
8027,152
8028,146
8029,151
8030,149
8031,148
8054,129
8055,225
8056,152
8057,159
8058,165
8079,125
8080,69
8081,151
8096,101
8097,143
8116,65
8117,149
8118,154
8119,154
8120,115
8121,149
8122,156
8123,154
8124,125
8172,164
8195,167
8196,211
8197,156
8198,170
8226,212
8227,173
8228,171
8252,156
8253,152
8271,152
8302,169
8318,149
8342,146
8343,136
8385,48
8426,152
8453,136
8476,148
8477,146
8495,136
8504,142
8532,148
8553,140
8554,146
8577,161
8603,137
8618,54
8619,145
8648,154
8659,140
8660,150
8713,212
8759,213
8760,130
8788,59
8789,161
8800,135
8816,53
8817,153
8857,138
8858,54
8872,149
8886,255
8902,160
8915,113
8927,137
8928,140
8942,160
8964,161
9001,56
9017,133
9036,208
9037,154
9060,146
9061,140
9062,152
9077,150
9110,56
9123,117
9124,149
9125,158
9126,113
9144,161
9145,54
9177,122
9199,148
9200,157
9201,119
9216,124
9217,64
9231,152
9232,152
9251,133
9280,207
9295,115
9296,113
9297,187
9315,117
9334,153
9335,57
9336,147
9337,164
9360,124
9361,165
9388,144
9403,165
9404,160
9416,141
9417,138
9431,140
9432,124
9446,55
9447,137
9448,55
9470,142
9488,67
9489,149
9490,149
9491,147
9492,147
9493,154
9494,155
9495,165
9496,149
9519,59
9520,150
9521,152
9533,152
9534,132
9535,142
9536,152
9537,152
9538,135
9539,243
9556,94
9557,145
9577,213
9578,110
9590,213
9591,158
9610,155
9611,141
9612,140
9613,157
9633,64
9634,153
9635,81
9636,81
9653,154
9654,154
9655,148
9669,139
9670,177
9688,136
9689,157
9710,153
9711,137
9712,147
9713,136
9714,136
9715,266
9716,153
9717,162
9735,94
9736,55
9737,145
9738,145
9739,148
9740,146
9769,222
9770,148
9771,149
9789,57
9790,57
9791,116
9792,99
9793,139
9794,197
9810,143
9811,140
9812,145
9831,140
9832,135
9853,137
9854,118
9872,214
9891,173
9905,148
9906,158
9907,134
9908,229
9909,164
9910,173
9924,151
9925,192
9926,152
9927,158
9928,153
9929,140
9930,161
9931,156
9946,158
9947,160
9948,151
9949,162
9950,155
9967,164
9968,153
9978,142
9979,164
9980,178
9992,69
9993,154
