id,country,poor
6211,C,0.0003020274452865124
77549,C,0.0002899484825320542
34834,C,5.095383312436752e-05
74650,C,5.5489457736257464e-05
65375,C,0.00014072506746742874
68425,C,0.9985759258270264
6142,C,0.9986910223960876
95572,C,7.60797702241689e-05
73658,C,0.9981334805488586
31069,C,0.0006604232476092875
9024,C,0.0004094747419003397
27893,C,7.663921132916585e-05
74166,C,3.322997145005502e-05
47343,C,8.813265594653785e-05
21254,C,0.9991573095321655
64173,C,0.001453799894079566
76702,C,0.00013891654089093208
70905,C,0.9996034502983093
59402,C,5.2169863920425996e-05
3184,C,0.9994747042655945
60940,C,5.0086804549209774e-05
5321,C,0.0008719777688384056
53921,C,0.0005607529892586172
22329,C,0.0002983811718877405
64979,C,0.9996299743652344
62337,C,7.33819542801939e-05
28357,C,5.4407588322646916e-05
94493,C,0.9988877177238464
67078,C,9.36134165385738e-05
15625,C,8.694663119968027e-05
92784,C,0.0001501981751061976
89328,C,7.570546586066484e-05
40556,C,8.150517533067614e-05
43770,C,0.0007388417143374681
71745,C,6.979265162954107e-05
90045,C,0.9991316199302673
79335,C,7.4946932727471e-05
17909,C,0.00010447223030496389
36803,C,0.0001347129582427442
72962,C,0.00012885921751149
46015,C,0.9986282587051392
3995,C,2.6668352802516893e-05
85194,C,5.7879540690919384e-05
41992,C,0.9983466863632202
602,C,0.9986435770988464
13092,C,0.00010325806215405464
89172,C,0.00012024352326989174
78886,C,0.9990612864494324
17546,C,9.143538773059845e-05
25937,C,0.0010913917794823647
92159,C,8.344843809027225e-05
84509,C,0.0008732262649573386
15136,C,4.6991935960249975e-05
14157,C,0.00035796844167634845
49185,C,0.9988294243812561
45307,C,6.454750109696761e-05
42239,C,0.00010731160000432283
76311,C,0.079548180103302
9311,C,0.0001311913219979033
27146,C,0.9990800619125366
52338,C,8.319378684973344e-05
70341,C,5.87078211538028e-05
65457,C,0.00010725542961154133
54121,C,0.000906068307813257
35786,C,0.00011643535981420428
87786,C,0.00020376514294184744
88819,C,0.0050522261299192905
6143,C,3.819129051407799e-05
90762,C,0.0002867305011022836
61057,C,4.730803266284056e-05
11848,C,0.0003058908914681524
9083,C,0.9988279938697815
55716,C,0.0001299778959946707
54366,C,8.907888695830479e-05
1120,C,6.57350683468394e-05
97659,C,6.584938091691583e-05
90036,C,0.0013986962148919702
66777,C,7.126879063434899e-05
55925,C,6.130821566330269e-05
25890,C,0.00019219543901272118
35122,C,7.8720084275119e-05
75936,C,0.00016604211123194546
56267,C,0.9985111355781555
19797,C,6.38589117443189e-05
47430,C,0.00017412543820682913
3881,C,0.9991379976272583
70509,C,0.0005290539702400565
94943,C,0.00017317733727395535
12598,C,0.0001055765533237718
1453,C,8.839002839522436e-05
56238,C,4.844546856475063e-05
3982,C,0.0001477575715398416
33829,C,0.0010055575985461473
89082,C,0.9989340901374817
19233,C,6.372598727466539e-05
24425,C,0.0004431160050444305
29839,C,0.9991793036460876
27882,C,0.0645085945725441
30268,C,0.9985841512680054
5884,C,0.0004508567799348384
56862,C,7.77162131271325e-05
45255,C,5.304977821651846e-05
25616,C,0.9982512593269348
4110,C,0.0015156693989410996
76875,C,5.301119017531164e-05
85032,C,0.0001887835969682783
3001,C,9.194608719553798e-05
39933,C,0.00011135578824905679
90245,C,6.799221591791138e-05
34358,C,0.0002047279558610171
94041,C,0.00012219823838677257
24548,C,5.3739920986117795e-05
37852,C,5.992425940348767e-05
54094,C,6.961059989407659e-05
85968,C,0.0001556145289214328
63083,C,3.53441500919871e-05
9513,C,0.9974810481071472
78457,C,0.0017320159822702408
63337,C,0.9992770552635193
62703,C,3.090898098889738e-05
42488,C,5.209921800997108e-05
5186,C,9.315303032053635e-05
15091,C,0.0011512949131429195
7661,C,3.235508847865276e-05
47899,C,0.0001309121580561623
78995,C,6.049526564311236e-05
76672,C,0.9988393187522888
25428,C,0.0002257585438201204
19844,C,8.015355706447735e-05
91719,C,5.6142387620639056e-05
44442,C,2.4501197913195938e-05
88876,C,0.00017595902318134904
14416,C,6.587946700165048e-05
79708,C,5.1479066314641386e-05
71281,C,5.283430073177442e-05
65448,C,0.00010812531400006264
90672,C,0.00028402090538293123
95949,C,0.0017721469048410654
90886,C,6.642418884439394e-05
85676,C,0.003938488662242889
33273,C,9.69197426456958e-05
70697,C,0.00012076682469341904
29101,C,0.0008153648232109845
62431,C,9.271383169107139e-05
52242,C,6.026006303727627e-05
45093,C,4.677732795244083e-05
35018,C,0.00032058177748695016
30792,C,6.415494135580957e-05
39546,C,9.728298027766868e-05
21870,C,0.9976063966751099
32975,C,0.00014758578618057072
92018,C,2.9537706723203883e-05
80666,C,5.134595630806871e-05
25843,C,0.999392032623291
99486,C,0.00012457779666874558
41512,C,0.00010474164446350187
24253,C,4.8724246880738065e-05
46358,C,6.964366912143305e-05
52505,C,5.4385436669690534e-05
79901,C,3.206447945558466e-05
22446,C,6.217701593413949e-05
57997,C,0.0002116513205692172
26433,C,0.0004637725360225886
97560,C,0.00013333225797396153
52035,C,3.988776006735861e-05
85389,C,9.246052650269121e-05
60733,C,0.00010895383456954733
16015,C,0.9989909529685974
37058,C,9.476052218815312e-05
44143,C,8.973896183306351e-05
8607,C,0.999299168586731
88527,C,0.00017796694010030478
70824,C,5.46001065231394e-05
99845,C,0.00015381679986603558
45600,C,0.0003523420309647918
64487,C,0.9990431666374207
60529,C,0.00012588573736138642
84101,C,4.3501811887836084e-05
36188,C,4.2163857870036736e-05
98371,C,2.8900134566356428e-05
10766,C,0.0007997386856004596
46597,C,0.0006094548152759671
62417,C,0.00028378350543789566
68907,C,0.0010044971713796258
49641,C,0.998082160949707
99350,C,0.00027696925099007785
14154,C,9.395585220772773e-05
34520,C,0.00011885403364431113
40238,C,8.050200995057821e-05
35105,C,0.9986106157302856
31113,C,0.0005145856412127614
76542,C,0.00022037509188521653
41483,C,0.00022503946092911065
66005,C,3.6928377085132524e-05
12783,C,0.00021559535525739193
58448,C,4.92689578095451e-05
63398,C,0.0037214665208011866
97435,C,0.00010203864803770557
36978,C,3.3395743230357766e-05
58931,C,0.9988952875137329
76597,C,9.50635367189534e-05
41131,C,8.630462252767757e-05
42757,C,6.218537600943819e-05
89904,C,7.727208139840513e-05
61925,C,0.9991582632064819
42948,C,0.00027434321236796677
48616,C,0.999196469783783
37981,C,0.9986107349395752
24212,C,0.0001270971988560632
71821,C,3.098226079600863e-05
20460,C,8.549385529477149e-05
72436,C,4.788615842699073e-05
48372,C,7.922177610453218e-05
4643,C,0.00035697148996405303
3744,C,0.0005277447053231299
22280,C,0.9992426633834839
39860,C,5.793023592559621e-05
31095,C,0.9988781809806824
4889,C,0.00023143428552430123
56147,C,9.97661700239405e-05
692,C,0.007501075975596905
74933,C,0.0007919362979009748
70832,C,0.000315413431962952
83874,C,0.00012781242548953742
20145,C,5.683713607140817e-05
33215,C,5.79580882913433e-05
64512,C,0.00010521906369831413
78604,C,7.484466186724603e-05
45733,C,6.868357741041109e-05
54754,C,0.00015715608606114984
84722,C,0.00027605314971879125
8303,C,0.00021214733715169132
19707,C,0.00021358919912017882
74219,C,0.00010786559141706675
47448,C,0.00023297120060306042
81803,C,0.0003486463101580739
71373,C,5.546480679186061e-05
87167,C,6.637290061917156e-05
11932,C,9.349458559881896e-05
77129,C,0.0003319355600979179
75818,C,0.9990932941436768
3277,C,0.00015386183804366738
63696,C,7.792934775352478e-05
36929,C,4.553032340481877e-05
88381,C,0.0003529084788169712
8869,C,6.789994949940592e-05
7856,C,7.661189010832459e-05
76501,C,0.00029002007795497775
45256,C,4.1058388887904584e-05
83072,C,0.00038268647040240467
74609,C,0.00010424901120131835
92584,C,0.0014163501327857375
49088,C,0.0005364571115933359
62607,C,0.0001906347752083093
11571,C,6.026610208209604e-05
49561,C,0.9983343482017517
47219,C,5.149989010533318e-05
12597,C,9.322066034656018e-05
36272,C,0.00012636078463401645
75591,C,6.641031359322369e-05
38869,C,0.00014911008474882692
90121,C,9.966471407096833e-05
24297,C,0.9989099502563477
4575,C,0.002012695884332061
89240,C,0.0012247342383489013
76601,C,5.877800867892802e-05
75162,C,0.0013815074926242232
83452,C,3.913251930498518e-05
32509,C,0.00016167093417607248
1027,C,0.000273236189968884
59762,C,0.0003264043480157852
94604,C,0.012635487131774426
82176,C,0.0008942900458350778
21910,C,0.00020751771808136255
66621,C,0.9988251328468323
34598,C,9.045308252098039e-05
53978,C,5.1523660658858716e-05
11627,C,0.00047875361633487046
89110,C,0.9987288117408752
79672,C,0.9988189339637756
96030,C,0.029216624796390533
98246,C,0.00018509721849113703
22095,C,0.9990236759185791
88815,C,0.00024977276916615665
32448,C,3.0433249776251614e-05
79147,C,0.0008043039706535637
24378,C,0.00016692456847522408
54468,C,9.997168672271073e-05
17856,C,5.024721394875087e-05
99235,C,0.7568373680114746
29858,C,0.0048245652578771114
44780,C,7.793588883941993e-05
67199,C,0.0027464190497994423
80283,C,6.731603207299486e-05
94689,C,5.7316385209560394e-05
63714,C,0.9982971549034119
97622,C,5.5000928114168346e-05
15366,C,0.00012728931324090809
55394,C,0.001361641101539135
82107,C,0.00012553272244986147
8323,C,0.0014395075850188732
37155,C,8.142376464093104e-05
13268,C,0.0017127947648987174
50258,C,0.000221804526518099
32556,C,0.0016670853365212679
66891,C,3.025640944542829e-05
76499,C,3.1700023100711405e-05
60580,C,4.260787318344228e-05
14913,C,0.00040755601366981864
16062,C,4.516778790275566e-05
35736,C,1.752687785483431e-05
7801,C,3.402699076104909e-05
75467,C,0.00016595172928646207
86494,C,3.571086926967837e-05
24165,C,0.00029813122819177806
89781,C,0.011965838260948658
55769,C,0.00014625155017711222
25737,C,4.538903522188775e-05
19649,C,0.00024824286811053753
43635,C,0.9983550906181335
40083,C,0.9981897473335266
63677,C,5.910835534450598e-05
2316,C,0.00011828915739897639
83308,C,3.240458681830205e-05
90000,C,7.944843673612922e-05
30970,C,3.6958921555196866e-05
37389,C,0.9991901516914368
24687,C,0.9996125102043152
41525,C,0.0005084864678792655
30918,C,0.00013370337546803057
37226,C,4.4871347199659795e-05
19708,C,0.0021803227718919516
42003,C,0.0007532164454460144
28658,C,5.11757934873458e-05
87094,C,0.00036570485099218786
45065,C,0.0019098988268524408
69295,C,3.873180685332045e-05
19955,C,3.1268697057385e-05
92924,C,3.847004700219259e-05
60729,C,0.00017169657803606242
23950,C,6.844740710221231e-05
71826,C,0.0002592855307739228
86209,C,0.9991100430488586
91305,C,4.28527346230112e-05
98636,C,3.508787267492153e-05
81424,C,0.0002091607020702213
74411,C,0.9983494281768799
68163,C,0.9980948567390442
6948,C,4.883644942310639e-05
58415,C,0.0010121442610397935
29130,C,0.00014042614202480763
30719,C,4.707850894192234e-05
95502,C,0.9978480339050293
87217,C,0.998711109161377
18040,C,0.00010602954716887325
39879,C,0.00039522029692307115
25441,C,6.0900150856468827e-05
91640,C,0.9989321827888489
13782,C,0.9990448355674744
26192,C,9.019124263431877e-05
5608,C,0.00016418404993601143
39647,C,0.010922512970864773
39208,C,0.00014100363478064537
94017,C,0.9993897676467896
61442,C,3.487454159767367e-05
27361,C,0.9982982277870178
13996,C,0.00015203157090581954
88284,C,0.00036524320603348315
29875,C,0.0002367406414123252
49008,C,0.0002234282874269411
8012,C,0.9284862875938416
13882,C,0.0014230107190087438
75185,C,6.044544352334924e-05
91705,C,0.0003110375255346298
3848,C,0.0005488719907589257
91120,C,4.456732494872995e-05
74143,C,0.9988106489181519
3017,C,0.00019581748347263783
96373,C,0.0002865659771487117
45029,C,4.5950637286296114e-05
67261,C,0.005357151385396719
11108,C,0.0015830707270652056
35374,C,3.9485941670136526e-05
52297,C,4.477025868254714e-05
39080,C,8.560766582377255e-05
8340,C,0.9985163807868958
72395,C,9.804479486774653e-05
93173,C,2.7970396331511438e-05
80539,C,0.0006352433119900525
89564,C,0.00011973756772931665
82173,C,0.0004304150934331119
78360,C,0.00018733170873019844
90671,C,0.9997984766960144
40074,C,0.9995812773704529
10932,C,0.00012252552551217377
40909,C,0.000169767314218916
34302,C,7.578953955089673e-05
57005,C,9.032327216118574e-05
59096,C,0.0007871279958635569
92401,C,0.00011324398656142876
6524,C,8.129885100061074e-05
58579,C,3.795934026129544e-05
3085,C,0.00032735796412453055
6856,C,0.00011436967906774953
97891,C,8.303282083943486e-05
51077,C,3.0052355214138515e-05
34407,C,0.0002748435363173485
25084,C,0.0007356510031968355
11830,C,4.5691864215768874e-05
83647,C,0.0002940448757726699
12178,C,0.0003647991979960352
57392,C,0.000501461501698941
72415,C,0.0004366268985904753
37369,C,0.0021575521677732468
2248,C,0.00016216374933719635
35076,C,7.586105493828654e-05
76331,C,0.0002872717450372875
51576,C,7.713794184383005e-05
85915,C,8.967018948169425e-05
31856,C,0.00013247202150523663
79403,C,3.591766653698869e-05
13571,C,7.517627091147006e-05
52265,C,0.9995112419128418
2892,C,0.00010354627738706768
3368,C,2.8963262593606487e-05
73382,C,0.00010037460015155375
51658,C,0.0002488893806003034
35395,C,0.0006335796788334846
67741,C,6.991262489464134e-05
62691,C,9.491698438068852e-05
93960,C,6.301821122178808e-05
88436,C,0.00016206807049456984
51558,C,0.0002904644934460521
41922,C,0.0005647307261824608
15355,C,0.0018290056614205241
99219,C,0.00020754957222379744
84955,C,6.681202648906037e-05
27327,C,0.00035055921762250364
11506,C,0.00016875183791853487
32892,C,0.0008801150252111256
87901,C,0.0005569988861680031
7327,C,0.9994321465492249
26743,C,0.9992666840553284
16605,C,6.594370643142611e-05
4180,C,5.1975799578940496e-05
56373,C,4.386644286569208e-05
56923,C,0.08655859529972076
93220,C,0.0006354522192850709
62069,C,0.000319875922286883
77967,C,0.0016945016104727983
43804,C,0.9978867173194885
78851,C,0.00011677738802973181
38238,C,0.9989147186279297
3824,C,0.00013178348308429122
25478,C,7.01069729984738e-05
90548,C,0.0006415667594410479
40961,C,5.6638727983227e-05
48313,C,2.4670996936038136e-05
44701,C,0.9988658428192139
66883,C,3.551406189217232e-05
16456,C,0.9984815716743469
78057,C,0.00011626163177425042
1476,C,0.00018886695033870637
62442,C,0.9992485642433167
50060,C,0.00020807882538065314
79836,C,0.0001385779760312289
57055,C,4.6517496230080724e-05
90736,C,0.0002244747884105891
49349,C,8.562349830754101e-05
79895,C,0.0014873467152938247
44552,C,3.325352736283094e-05
92486,C,7.0486385084223e-05
26487,C,0.000463756819954142
26587,C,0.0001701254368526861
276,C,3.382317299838178e-05
39337,C,9.868064080365002e-05
30889,C,0.00011239507148275152
67107,C,5.678215165971778e-05
75817,C,0.0007989050354808569
18286,C,0.00026342939236201346
38862,C,0.00010570801532594487
70490,C,6.92304820404388e-05
37216,C,0.009805903770029545
37529,C,0.0003372470091562718
57107,C,8.269714453490451e-05
52342,C,0.00015775769134052098
36778,C,0.9996685981750488
53476,C,0.00013398187002167106
58104,C,0.00022461054322775453
83074,C,0.00010311077494407073
9827,C,0.9995100498199463
91807,C,6.830083293607458e-05
38243,C,0.9977993369102478
83342,C,0.0017543989233672619
73164,C,7.936786278150976e-05
7778,C,0.0005814764299429953
43947,C,0.0003345244040247053
59001,C,0.00020806334214285016
2213,C,0.0010006593074649572
1649,C,0.9983362555503845
70627,C,0.00020238342403899878
86733,C,0.0001783438929123804
50482,C,6.668478454230353e-05
18959,C,0.00021631851268466562
34411,C,3.4012264222837985e-05
43251,C,9.209807467414066e-05
82258,C,5.1581278967205435e-05
16110,C,0.00021464732708409429
96938,C,7.676773384446278e-05
79709,C,0.00012348049494903535
18105,C,0.00011291445844108239
13604,C,0.9987514019012451
66266,C,5.923723801970482e-05
52841,C,0.013631845824420452
57297,C,0.0008421707316301763
92270,C,0.9985789060592651
1695,C,0.9991163611412048
36619,C,0.997836172580719
6081,C,0.00010776649287436157
83190,C,8.78077553352341e-05
53763,C,0.001015335787087679
15368,C,0.9975862503051758
67820,C,0.0001699811255093664
13577,C,0.9989199638366699
56329,C,0.0001177110243588686
62124,C,0.00036340070073492825
18322,C,0.00016323121963068843
72136,C,0.9990999698638916
84641,C,7.510540308430791e-05
49887,C,0.00018732242460828274
95580,C,6.402647704817355e-05
16558,C,4.6497094444930553e-05
61930,C,5.956799941486679e-05
38807,C,0.0019402935868129134
82865,C,0.998594343662262
87034,C,7.555566844530404e-05
32360,C,8.500592957716435e-05
91142,C,3.870692307827994e-05
15720,C,0.00013298752310220152
37628,C,5.796715049655177e-05
8768,C,0.0010368485236540437
48602,C,0.020672457292675972
3356,C,0.00021776399808004498
76230,C,0.9991078972816467
45811,C,0.9986959099769592
83303,C,0.0017960030818358064
23790,C,5.2525996579788625e-05
94084,C,6.417452095774934e-05
55072,C,8.303463982883841e-05
86863,C,0.00016200687969103456
89986,C,0.0006072225514799356
87063,C,0.9989809393882751
36347,C,3.393806764506735e-05
58194,C,0.00029976977384649217
30942,C,0.9985559582710266
84370,C,0.00029546176665462554
24971,C,3.569285763660446e-05
2388,C,0.00010367431968916208
93818,C,0.0019733309745788574
91208,C,5.9897807659581304e-05
62208,C,0.00041999449604190886
45695,C,8.786119724391028e-05
79030,C,6.409904744941741e-05
91520,C,4.58288450317923e-05
63074,C,4.482416989048943e-05
5802,C,3.9295904571190476e-05
40930,C,3.2218009437201545e-05
73508,C,0.9980455636978149
29461,C,5.60745429538656e-05
96699,C,0.0023096390068531036
14323,C,0.0001855631999205798
7998,C,8.255177090177312e-05
63086,C,0.0002723986399360001
90661,C,0.00010400891187600791
34181,C,0.016408510506153107
24663,C,0.0003485761699266732
12507,C,7.697598630329594e-05
68643,C,0.0005851725582033396
93141,C,9.61030600592494e-05
22593,C,4.948315108777024e-05
71546,C,0.0002058968530036509
96604,C,0.00014148620539344847
7864,C,0.9975457787513733
38489,C,0.00033861963311210275
91077,C,6.10860442975536e-05
62603,C,0.9993971586227417
28087,C,0.9981958270072937
29531,C,6.286485586315393e-05
18529,C,3.3509790227981284e-05
76971,C,0.00010318218119209632
48531,C,0.00043132505379617214
94599,C,4.536155756795779e-05
16241,C,0.0004158303781878203
31089,C,2.758005211944692e-05
75575,C,6.666202534688637e-05
31421,C,2.512297942303121e-05
50948,C,0.00023864385730121285
17484,C,8.094756776699796e-05
34516,C,9.30589230847545e-05
81603,C,0.9986382126808167
31319,C,0.006966677960008383
85881,C,4.270733552402817e-05
59307,C,0.0002520619600545615
30998,C,0.0001213922441820614
25197,C,0.9099595546722412
72042,C,5.393887113314122e-05
82795,C,0.00010961681982735172
45206,C,0.998498797416687
74030,C,0.00028282112907618284
99485,C,3.536653457558714e-05
37606,C,4.833891216549091e-05
72071,C,0.00028595299227163196
12842,C,6.144019425846636e-05
17965,C,0.00010849961108760908
60365,C,0.00012338493252173066
91492,C,0.00013518302876036614
7715,C,3.376606400706805e-05
62784,C,0.0007703842129558325
61841,C,6.431899237213656e-05
68287,C,0.00016203329141717404
5811,C,5.9751077060354874e-05
48114,C,4.437470488483086e-05
58980,C,7.271461799973622e-05
96719,C,0.00021768406440969557
54801,C,0.9987385869026184
41248,C,0.0002468818856868893
9374,C,5.8828147302847356e-05
55168,C,0.00015379641263280064
43518,C,0.00029114875360392034
67196,C,0.013186169788241386
36627,C,0.9988698363304138
3232,C,6.183536606840789e-05
78145,C,8.172995148925111e-05
84009,C,0.001437365892343223
9571,C,3.448548159212805e-05
46675,C,0.0003473236283753067
488,C,0.9990805387496948
24609,C,0.00018499699945095927
38318,C,0.0005301215569488704
47107,C,0.00016365684859920293
76689,C,3.608848055591807e-05
99647,C,9.6663243311923e-05
76783,C,9.82739293249324e-05
45926,C,0.011090872809290886
65632,C,8.558937406633049e-05
8908,C,0.17501287162303925
26143,C,7.492670556530356e-05
44513,C,0.00020382188085932285
74634,C,4.237083703628741e-05
11033,C,0.00014745946100447327
98313,C,0.0007898641051724553
67375,C,0.9990129470825195
52706,C,2.4608843887108378e-05
99457,C,6.487424980150536e-05
75460,C,6.819611735409126e-05
76022,C,0.9979066848754883
81752,C,0.00017902506806422025
50796,C,0.9994531273841858
69864,C,4.000214903499e-05
52079,C,0.00012471055379137397
44054,C,5.478765888256021e-05
22835,C,0.00010841387847904116
38953,C,9.833616786636412e-05
3304,C,9.452596714254469e-05
76902,C,7.438281318172812e-05
52447,C,0.0002419085503788665
42876,C,5.806718036183156e-05
26179,C,0.00030001968843862414
82304,C,2.856494756997563e-05
77557,C,0.9987909197807312
30362,C,5.2771509217564017e-05
72680,C,0.00047103784163482487
58257,C,9.31294125621207e-05
45440,C,0.00011074879876105115
91330,C,4.3325195292709395e-05
94020,C,7.230976189021021e-05
17240,C,0.9980897307395935
52162,C,0.00010906838724622503
51876,C,2.21825648623053e-05
71898,C,8.087164314929396e-05
28865,C,0.0004261881404090673
7658,C,0.00018429716874379665
24369,C,0.00010582067625364289
62413,C,0.999182403087616
77168,C,3.726114664459601e-05
45694,C,0.00010711418144637719
97304,C,0.0005061920965090394
57590,C,0.9983844757080078
58399,C,0.00104211934376508
6681,C,0.006690892390906811
52600,C,0.00011813922901637852
94342,C,0.00035962072433903813
13682,C,0.20458050072193146
63837,C,0.00015403020370285958
14976,C,0.0004876762395724654
98015,C,0.00026091677136719227
44754,C,0.00011644725600490347
53410,C,6.333583587547764e-05
20429,C,0.000216810149140656
56891,C,0.0006203889497555792
36479,C,6.011112418491393e-05
26947,C,0.9522713422775269
23654,C,5.969662743154913e-05
31375,C,6.680310616502538e-05
30153,C,0.9994736313819885
76930,C,7.592032488901168e-05
5620,C,5.1678125601029024e-05
84157,C,0.00022807960340287536
25366,C,0.00026575123774819076
61159,C,0.00010531060252105817
80974,C,0.0003205894026905298
24997,C,0.00028192088939249516
43878,C,0.00015107075159903616
34446,C,9.243303065886721e-05
79803,C,7.713279046583921e-05
89920,C,9.442146256333217e-05
10587,C,4.462443757802248e-05
66830,C,3.152387944282964e-05
11079,C,0.0002934167569037527
70155,C,3.89533925044816e-05
63052,C,0.0009311420726589859
52916,C,0.00014030274178367108
20079,C,0.0003787256428040564
35884,C,0.00022126929252408445
25883,C,0.0001947384880622849
59513,C,5.268964741844684e-05
15571,C,0.9993422627449036
58963,C,0.008102282881736755
69438,C,6.311299512162805e-05
68917,C,7.548746361862868e-05
84709,C,0.0004170868778601289
12191,C,0.002138738287612796
99395,C,3.423001544433646e-05
55282,C,3.667697819764726e-05
8709,C,0.0007547990535385907
68285,C,0.00010025138908531517
82405,C,0.9987986087799072
26785,C,0.0003738545929081738
28061,C,0.00011457326036179438
80375,C,7.384124182863161e-05
36982,C,8.377677295356989e-05
30790,C,0.0022187107242643833
8710,C,0.00012584072828758508
50248,C,0.0006626889226026833
88104,C,0.0005731201381422579
70850,C,0.9985225796699524
14253,C,0.0015642027137801051
34337,C,0.0002455805952195078
251,C,3.669513898785226e-05
64207,C,0.00010462446516612545
97047,C,4.0577004256192595e-05
24819,C,0.00010470040433574468
28290,C,9.98776376945898e-05
7654,C,0.0005640125600621104
21949,C,0.0002709008695092052
50539,C,9.706476703286171e-05
63452,C,0.9991951584815979
88408,C,3.870278669637628e-05
21933,C,0.00010796479909913614
48294,C,0.0009165796218439937
74369,C,0.00013062373909633607
29235,C,0.9993427395820618
55869,C,0.9992352724075317
25341,C,0.9992408752441406
43455,C,4.5048247557133436e-05
58991,C,0.00018300849478691816
44862,C,9.49216919252649e-05
31676,C,9.986611985368654e-05
43855,C,0.0002465803117956966
97448,C,0.00011077974340878427
97352,C,0.00044093880569562316
66371,C,0.0001460716302972287
62913,C,0.00010222525452263653
25719,C,0.00010001020564232022
17967,C,5.8277924836147577e-05
64316,C,0.002777514047920704
97590,C,0.00042282880167476833
27273,C,0.9985641837120056
83849,C,0.0006946714711375535
78008,C,0.00011358909250702709
43609,C,0.00016349120414815843
65886,C,0.00023991572379600257
55178,C,5.0076057959813625e-05
15974,C,0.00043099664617329836
57250,C,3.579289841582067e-05
66754,C,0.9984241724014282
59421,C,6.258832581806928e-05
76987,C,0.0001331405364908278
28527,C,0.00033431744668632746
36061,C,6.314206984825432e-05
6127,C,3.9864979044068605e-05
23262,C,5.72718599869404e-05
66582,C,0.00041331606917083263
3052,C,0.999321460723877
24323,C,4.128225555177778e-05
83046,C,4.6519271563738585e-05
80790,C,0.9989150762557983
52889,C,5.914629946346395e-05
72948,C,6.450289220083505e-05
32852,C,0.00013011480041313916
24760,C,0.00016316275286953896
20550,C,6.742640835000202e-05
96434,C,0.0002817027270793915
9703,C,0.0003040533047169447
22200,C,0.00010108829155797139
14791,C,0.0001248555927304551
20952,C,6.823260628152639e-05
91621,C,6.890183431096375e-05
15911,C,0.9989653825759888
27875,C,0.08721604198217392
65306,C,0.000387444015359506
47574,C,0.0005433953483588994
76016,C,0.0005875555798411369
19895,C,0.0001310185471083969
16113,C,0.9988088607788086
40142,C,0.9989966750144958
68405,C,0.00037341559072956443
60555,C,0.9989930987358093
89701,C,0.0005671934923157096
99648,C,0.00016562813834752887
69363,C,9.036160918185487e-05
9773,C,0.00022850188543088734
18000,C,0.00023700894962530583
90038,C,6.267725257202983e-05
4798,C,0.00010925033711828291
77540,C,3.753508281079121e-05
71044,C,0.9994871616363525
40860,C,2.0313258573878556e-05
2598,C,5.105568561702967e-05
69206,C,0.9993482232093811
80544,C,0.01235835999250412
31029,C,8.036724466364831e-05
91441,C,0.0009511263342574239
37171,C,6.849702913314104e-05
64189,C,0.0003089610254392028
47225,C,6.231187580851838e-05
50730,C,9.338268137071282e-05
87936,C,0.00010160803503822535
8624,C,0.02007371187210083
56797,C,4.146050559938885e-05
13970,C,5.8857320254901424e-05
86813,C,4.2562758608255535e-05
59109,C,0.00010905434464802966
54264,C,0.9987642765045166
5500,C,3.448867209954187e-05
22928,C,6.697123899357393e-05
35568,C,9.216590115102008e-05
81045,C,0.9985657334327698
85167,C,0.00022292524226941168
4786,C,2.8405191187630408e-05
92022,C,6.855480023659766e-05
81112,C,0.00023284440976567566
15830,C,3.564849976100959e-05
51845,C,0.00011907058069482446
33661,C,0.9992875456809998
48522,C,0.0005348027334548533
31341,C,0.004085168242454529
51527,C,0.0001141547181759961
7473,C,4.9042962928069755e-05
50016,C,3.380262933205813e-05
4739,C,0.0004708508786279708
85695,C,7.50804174458608e-05
93486,C,0.00012857078399974853
69256,C,0.9995172023773193
61657,C,4.8763013182906434e-05
40822,C,8.115106174955145e-05
88306,C,0.0002997949195560068
29987,C,4.145560160395689e-05
22560,C,7.974278560141101e-05
7481,C,2.6062476536026224e-05
5389,C,0.9982414245605469
11532,C,0.0001124828850151971
34324,C,0.00010320589353796095
59666,C,6.785237928852439e-05
99186,C,0.9990373849868774
23784,C,6.945656787138432e-05
94270,C,0.00019903050269931555
75279,C,0.00011832435120595619
57527,C,9.777841478353366e-05
87289,C,0.9979915618896484
54545,C,0.9992927312850952
59678,C,1.991087628994137e-05
96966,C,0.0001813471899367869
25185,C,0.9985197186470032
53534,C,0.0008874509949237108
91899,C,9.601612691767514e-05
52710,C,0.9991360306739807
88423,C,5.39986249350477e-05
21995,C,6.0781792853958905e-05
68912,C,0.0001278541167266667
77737,C,0.0001155527206719853
4046,C,4.67199097329285e-05
93286,C,4.449317930266261e-05
76381,C,4.065559187438339e-05
18429,C,4.297247141948901e-05
74361,C,0.9987419247627258
73886,C,0.00016809340741019696
14335,C,2.4320084776263684e-05
5096,C,4.335333869676106e-05
98331,C,0.00025985200772993267
22982,C,6.1004779126960784e-05
53362,C,0.9988806843757629
14329,C,0.00016616993525531143
24712,C,0.0010696041863411665
20641,C,2.32484562729951e-05
90483,C,0.00018436340906191617
74746,C,0.00010334169928682968
16760,C,9.960486204363406e-05
13353,C,3.965624637203291e-05
87589,C,2.687402411538642e-05
78809,C,0.9122793078422546
66187,C,0.9986444115638733
23972,C,0.00011399469804018736
27044,C,0.9991157650947571
66583,C,8.353402517968789e-05
30405,C,0.9988258481025696
11287,C,0.0014963425928726792
22258,C,0.0001674752274993807
32344,C,6.334006320685148e-05
52324,C,0.005425937008112669
50840,C,9.413161751581356e-05
49902,C,5.790875366074033e-05
81144,C,0.9992727637290955
21078,C,0.0010215401416644454
19356,C,0.00014769629342481494
93508,C,5.110034908284433e-05
51882,C,0.0004901724169030786
50925,C,0.00022671800979878753
46320,C,3.629919592640363e-05
75402,C,0.00020997796673327684
31787,C,0.0011834533652290702
68272,C,0.00047082954552024603
98937,C,3.9120466681197286e-05
50129,C,7.984596595633775e-05
81323,C,6.220494833542034e-05
47620,C,7.596601790282875e-05
1469,C,6.668821879429743e-05
45456,C,4.000337139586918e-05
36554,C,0.9990098476409912
30724,C,6.854714592918754e-05
68452,C,0.9989282488822937
71394,C,6.219219358172268e-05
91450,C,0.0004504093958530575
55436,C,4.0599221392767504e-05
51810,C,3.614975867094472e-05
60205,C,0.9991971850395203
84563,C,7.942048250697553e-05
18435,C,0.005576497409492731
55042,C,6.130804104031995e-05
40456,C,4.551265374175273e-05
4850,C,6.940968887647614e-05
28026,C,0.9989448189735413
63189,C,0.005284699145704508
85308,C,0.0003414511156734079
66177,C,0.9985674619674683
43582,C,0.00017550024494994432
76356,C,0.9986971020698547
83987,C,0.9988093376159668
28842,C,3.197397381882183e-05
62770,C,0.00013053769362159073
39450,C,0.0002848159638233483
96588,C,5.567730840994045e-05
28007,C,0.0016376535641029477
65264,C,0.00026144494768232107
75803,C,0.00010516568727325648
36217,C,0.00032169712358154356
25252,C,6.47782435407862e-05
18950,C,0.0008014640188775957
53159,C,0.00014976055535953492
69545,C,0.08470465987920761
50609,C,0.00041743394103832543
24134,C,0.00018064840696752071
6503,C,5.426400457508862e-05
85195,C,0.0002624031330924481
91839,C,0.9986636638641357
5729,C,0.999393105506897
21236,C,0.0006583635695278645
90500,C,0.0006577410968020558
80768,C,0.9980922341346741
98528,C,6.736522482242435e-05
77753,C,0.00010314499377273023
20204,C,8.782550867181271e-05
771,C,5.7654840929899365e-05
60356,C,0.0006426114123314619
7052,C,0.00027856003725901246
89496,C,7.58496971684508e-05
66421,C,7.634051871718839e-05
98909,C,4.3454376282170415e-05
2656,C,0.00014538115647155792
62792,C,0.00014975642261561006
23100,C,0.00010078077320940793
13953,C,0.00021164347708690912
87446,C,0.0001151444303104654
46057,C,2.6609544875100255e-05
66117,C,0.0002631906245369464
51055,C,0.0006527294171974063
64825,C,0.9993496537208557
97412,C,6.139228935353458e-05
19489,C,5.617671922664158e-05
35078,C,0.9991161227226257
32944,C,0.9981957077980042
57279,C,0.00016632226470392197
92989,C,9.899561700876802e-05
66239,C,7.000315235927701e-05
84216,C,0.0003555972361937165
5273,C,0.010995910502970219
6811,C,0.00010304649185854942
67961,C,0.00015163140778895468
92473,C,7.685430318815634e-05
81981,C,0.00023142634017858654
66291,C,0.00018400199769530445
62195,C,0.00013934225717093796
7279,C,0.0001195912846014835
10882,C,0.9988330006599426
13942,C,0.9992285966873169
66393,C,3.872915112879127e-05
99171,C,0.4530394375324249
19235,C,0.9992210865020752
621,C,3.4200711525045335e-05
82084,C,0.00018238730262964964
7177,C,0.9990643858909607
59704,C,4.811755570699461e-05
26845,C,4.502583033172414e-05
54974,C,3.579993062885478e-05
22241,C,3.613073204178363e-05
94500,C,4.531832382781431e-05
65572,C,4.062555672135204e-05
35286,C,0.0010410170070827007
50904,C,0.00014985913003329188
87733,C,0.00010921762441284955
74279,C,9.477878484176472e-05
73949,C,0.00022836249263491482
48876,C,0.00011333073780406266
173,C,0.00038552939076907933
78197,C,9.876809053821489e-05
3790,C,0.021903177723288536
82674,C,0.0001448221883038059
34851,C,5.607106868410483e-05
73162,C,0.00010042399662779644
74638,C,5.0576618377817795e-05
89879,C,5.3674822993343696e-05
41846,C,0.0013885563239455223
29215,C,4.097288547200151e-05
3929,C,0.0001587917940923944
10908,C,2.9290134989423677e-05
79315,C,3.9915801608003676e-05
25861,C,3.9431717596016824e-05
31710,C,9.489390504313633e-05
43902,C,0.9976418018341064
74040,C,0.00011441484093666077
36319,C,5.0774749979609624e-05
74716,C,9.948127262759954e-05
66980,C,7.231817289721221e-05
11059,C,0.0033312675077468157
61248,C,2.8532927899505012e-05
51277,C,0.0008394403266720474
26946,C,4.438092582859099e-05
24181,C,0.9992992877960205
44153,C,0.00015376856026705354
97816,C,0.016567979007959366
44250,C,5.3348026995081455e-05
7238,C,0.00016515186871401966
70147,C,8.920724940253422e-05
62774,C,9.937489085132256e-05
4987,C,0.00038443334051407874
99558,C,3.835154711850919e-05
86860,C,0.0001781222817953676
43169,C,6.447601481340826e-05
28111,C,0.004636871628463268
91000,C,0.0001555430208100006
34069,C,0.00021784081764053553
23182,C,6.130401015980169e-05
69977,C,9.214357851305977e-05
77218,C,6.546644726768136e-05
56947,C,0.0004414876748342067
44635,C,4.918248669127934e-05
15933,C,0.0001425707305315882
89949,C,9.886581392493099e-05
53327,C,0.00012668073759414256
43217,C,2.060231054201722e-05
85494,C,6.20239952695556e-05
86154,C,4.1123083065031096e-05
59030,C,0.9989762306213379
18788,C,0.00043884554179385304
65186,C,0.0003193740558344871
6149,C,7.011652633082122e-05
20281,C,0.0002090416819555685
51281,C,0.000241727102547884
53111,C,0.0004090325383003801
56210,C,8.535479719284922e-05
36376,C,0.0004213671782054007
50697,C,0.9986401200294495
57201,C,0.9984005093574524
10089,C,8.109761256491765e-05
4844,C,4.1548177250660956e-05
45161,C,0.9985809326171875
85240,C,4.553978578769602e-05
23146,C,0.00012688044807873666
19894,C,0.00012953506666235626
72360,C,6.351529009407386e-05
16665,C,0.001911741099320352
53753,C,0.0016602205578237772
35830,C,3.8468686398118734e-05
29653,C,0.9993232488632202
62444,C,4.837497544940561e-05
39556,C,0.00012439284182619303
66768,C,0.00015102738689165562
47951,C,9.237918857252225e-05
34116,C,0.00010356513666920364
53388,C,4.661425555241294e-05
68726,C,0.00724466796964407
23986,C,0.00014701945474371314
99059,C,6.405889871530235e-05
42047,C,0.00010597183427307755
58004,C,4.114701005164534e-05
43267,C,5.2065941417822614e-05
27277,C,0.0005656980210915208
18908,C,8.386437548324466e-05
18069,C,4.897015242022462e-05
48312,C,0.00016112859884742647
35195,C,0.00016935939493123442
91964,C,9.412416693521664e-05
69220,C,0.9988957643508911
91065,C,0.00014804131933487952
44172,C,0.0025909116957336664
54665,C,0.0007717424887232482
40948,C,0.0001119448643294163
25660,C,0.0006007957272231579
21230,C,6.203250813996419e-05
94369,C,0.0031717282254248857
28568,C,5.969810808892362e-05
47543,C,5.119126581121236e-05
38934,C,0.00012828312173951417
81428,C,0.9988722205162048
43916,C,0.00011374019231880084
66273,C,0.0002586699556559324
31346,C,0.0008281579939648509
47812,C,0.9986395239830017
9138,C,0.00023883891117293388
12383,C,0.0004739238938782364
52853,C,0.00015612431161571294
73717,C,0.9991210103034973
74905,C,0.0001422425266355276
69890,C,4.231475031701848e-05
41042,C,0.00011402503150748089
72271,C,8.488353341817856e-05
82486,C,8.042827539611608e-05
60457,C,6.926601054146886e-05
10225,C,0.00012118371523683891
78639,C,0.15582561492919922
34984,C,0.9981953501701355
44533,C,6.635429599555209e-05
86359,C,5.558086195378564e-05
2233,C,0.00016030152619350702
43712,C,0.0002539836859796196
16856,C,0.9995090961456299
59931,C,3.990845652879216e-05
17762,C,0.0017310278490185738
84083,C,0.000200619877432473
61843,C,6.50133442832157e-05
19781,C,0.00020119227701798081
63888,C,0.004854136146605015
15809,C,0.9994233846664429
93155,C,0.0010567789431661367
11165,C,0.006933921482414007
20861,C,0.0015380240511149168
26365,C,2.5362744054291397e-05
47437,C,0.9991550445556641
18543,C,0.0002114451926900074
48812,C,9.193750156555325e-05
8896,C,0.00022933412401471287
30011,C,9.619245247449726e-05
44759,C,0.9986662864685059
12135,C,0.0023919029626995325
13232,C,0.9991501569747925
64012,C,0.0004322198801673949
34719,C,0.9987867474555969
82787,C,7.477874169126153e-05
52524,C,3.130616823909804e-05
76980,C,0.00016844767378643155
83435,C,8.780792268225923e-05
17778,C,0.0010889808181673288
34712,C,3.922805990441702e-05
65270,C,0.0005067634047009051
72074,C,9.415757085662335e-05
76799,C,0.9989508390426636
26200,C,0.0001994501508306712
85226,C,0.00035606432356871665
8205,C,0.0004095262847840786
63117,C,4.949461799697019e-05
96852,C,5.229957605479285e-05
44569,C,3.361072958796285e-05
86313,C,3.56081327481661e-05
44454,C,6.165565719129518e-05
69296,C,0.043905455619096756
91152,C,0.00032992742490023375
83770,C,4.9465081247035414e-05
39304,C,0.00010291569196851924
32065,C,0.00015913131937850267
27399,C,0.003958681132644415
57641,C,0.0029915100894868374
81370,C,0.9991058707237244
93870,C,3.6023699067300186e-05
12458,C,3.7569749110843986e-05
52792,C,4.5454529754351825e-05
73326,C,3.301851756987162e-05
79656,C,0.00012257367779966444
74725,C,0.0001662691356614232
69597,C,0.998216450214386
57898,C,0.0004284628084860742
41665,C,0.9985479712486267
85065,C,0.9992031455039978
65016,C,0.0001588555460330099
42743,C,0.9990066885948181
27053,C,6.821302667958662e-05
89335,C,4.4070893636671826e-05
67497,C,0.0005923643475398421
91395,C,0.9983741044998169
27860,C,0.00010235362424282357
2180,C,4.808571975445375e-05
35716,C,0.00042949619819410145
27467,C,6.154293077997863e-05
66731,C,5.8774370700120926e-05
90479,C,0.0004265145107638091
50912,C,0.00015444803284481168
31229,C,4.966942287865095e-05
88317,C,0.00010193954949500039
71449,C,0.0001242451398866251
18151,C,0.9991494417190552
80399,C,0.00014086387818679214
73181,C,2.86951290036086e-05
49823,C,0.9992823004722595
60834,C,0.000169617313076742
53463,C,9.347542800242081e-05
51559,C,0.00011160274152643979
49413,C,0.00011831431766040623
53741,C,6.245644181035459e-05
97776,C,0.0002452244807500392
40442,C,9.937753929989412e-05
25357,C,6.816640234319493e-05
61218,C,8.7533459009137e-05
74495,C,9.522803156869486e-05
72983,C,2.728064100665506e-05
81278,C,0.9994335770606995
36349,C,2.971442518173717e-05
43323,C,0.00012638392217922956
97098,C,0.0001631498453207314
82526,C,0.00012479381985031068
39395,C,0.00012234094901941717
91863,C,6.952243711566553e-05
76628,C,3.3887386962305754e-05
85464,C,0.9989781379699707
59593,C,5.105811942485161e-05
63105,C,0.0005094140069559216
47598,C,4.923668529954739e-05
65272,C,0.0006358075188472867
95716,C,6.25320608378388e-05
97436,C,2.8444119379855692e-05
29075,C,0.9997140765190125
33790,C,0.00020354223670437932
94447,C,0.000944065279327333
33216,C,5.129951023263857e-05
53700,C,3.091461258009076e-05
78014,C,5.113350198371336e-05
86772,C,0.0072972942143678665
64129,C,5.101840361021459e-05
35112,C,0.0004744305624626577
46653,C,5.8858495322056115e-05
78775,C,2.9674667530343868e-05
54176,C,0.9983036518096924
15803,C,6.0834794567199424e-05
95849,C,0.0004816081782337278
89736,C,0.9989795088768005
74743,C,0.00010307597403880209
10599,C,7.091903535183519e-05
17703,C,6.718822260154411e-05
20928,C,4.881875429418869e-05
8987,C,8.988987246993929e-05
40604,C,0.00026491566677577794
3834,C,6.006483090459369e-05
22670,C,8.239087037509307e-05
24293,C,0.0001132207689806819
50776,C,7.964512769831344e-05
23463,C,0.00023685353517066687
45667,C,4.61288436781615e-05
30992,C,0.0003325662110000849
2844,C,0.00010971826122840866
41198,C,0.9978917241096497
44618,C,0.007198479492217302
71102,C,7.287052721949294e-05
49820,C,0.9988023042678833
1341,C,6.020722503308207e-05
16210,C,3.493998883641325e-05
23021,C,0.0006329030729830265
16730,C,3.04897221212741e-05
37999,C,3.171568823745474e-05
51917,C,4.133275433559902e-05
64381,C,5.329982013790868e-05
24358,C,7.353346882155165e-05
92459,C,7.61291230446659e-05
89231,C,0.0001253416994586587
20131,C,7.775008998578414e-05
76161,C,0.00043434492545202374
3481,C,0.00014353456208482385
77500,C,3.986133015132509e-05
52629,C,0.9981040954589844
1812,C,5.4269177780952305e-05
72837,C,0.0007099704234860837
40369,C,7.397861190838739e-05
44479,C,0.9987494945526123
47123,C,0.00016994515317492187
16059,C,8.052113116718829e-05
27105,C,7.054657180560753e-05
74747,C,7.665938755962998e-05
85387,C,0.9983166456222534
27241,C,0.00010987016867147759
22539,C,0.0002990113862324506
57021,C,0.00014475647185463458
89431,C,0.0001689232885837555
50669,C,0.0006828890182077885
69069,C,0.0003323487762827426
35271,C,4.3587933760136366e-05
7292,C,9.792995842872187e-05
78100,C,0.00015604245709255338
18057,C,0.0009657168411649764
81615,C,3.252802707720548e-05
44056,C,0.0002053063944913447
89146,C,4.3729949538828805e-05
63424,C,0.0001597282971488312
25338,C,0.00010182365076616406
63798,C,7.023048965493217e-05
22343,C,0.00011767803516704589
51153,C,0.00019677857926581055
41494,C,6.446384213631973e-05
18195,C,0.00019586454436648637
82646,C,0.0008413273026235402
7562,C,0.9984582662582397
11761,C,4.64927070424892e-05
49475,C,0.9994194507598877
2266,C,0.9991217255592346
65212,C,7.576302596135065e-05
82904,C,0.0005011040484532714
41348,C,3.993479913333431e-05
34033,C,0.008351651020348072
16065,C,5.3839994507143274e-05
98974,C,0.0004195938818156719
33522,C,0.00014206834021024406
50359,C,0.9995334148406982
23994,C,0.00023096762015484273
70411,C,0.004690126981586218
85994,C,0.00031282781856134534
28972,C,7.7957367466297e-05
97324,C,3.2352156267734244e-05
74662,C,0.00010763327736640349
98204,C,4.8836027417564765e-05
78088,C,9.302441321779042e-05
49636,C,4.954217001795769e-05
502,C,0.00020139994740020484
90056,C,3.275067138019949e-05
45810,C,0.0016156429192051291
37046,C,0.00014776672469452024
6373,C,0.0010915482416749
85275,C,0.00010624664719216526
13167,C,3.8026406400604174e-05
66253,C,0.00016640046669635922
30073,C,3.4417869755998254e-05
9942,C,3.8184916775207967e-05
99614,C,2.545475035731215e-05
6027,C,5.697785672964528e-05
13875,C,0.00016722486179787666
90505,C,3.5903012758353725e-05
7756,C,9.70236724242568e-05
15807,C,6.142853817436844e-05
48807,C,0.00029751224792562425
78560,C,0.9994081258773804
56484,C,9.479586151428521e-05
90107,C,4.13481320720166e-05
39950,C,5.8986275689676404e-05
92892,C,0.0005733496509492397
39205,C,6.32266019238159e-05
76513,C,0.00022443840862251818
92724,C,4.41845586465206e-05
44074,C,2.383390165050514e-05
42816,C,0.9986473917961121
1473,C,8.545791206415743e-05
60871,C,0.99843829870224
38485,C,0.9991245865821838
86218,C,0.002840981585904956
76891,C,0.005784481298178434
1771,C,8.5657557065133e-05
77805,C,0.9987908005714417
30257,C,0.9990647435188293
32902,C,8.406415145145729e-05
70275,C,2.6412597435410134e-05
47821,C,0.00015527479990851134
65746,C,0.00010775683040264994
41436,C,0.000526834512129426
36477,C,6.101449253037572e-05
15756,C,6.193527224240825e-05
10423,C,0.00017453152395319194
78043,C,0.0003853965608868748
78058,C,0.003994457423686981
38912,C,4.019851621706039e-05
56076,C,4.0227125282399356e-05
37958,C,0.00011636254930635914
72984,C,4.497600457398221e-05
54626,C,0.00014436872152145952
49630,C,0.00013943781959824264
33758,C,0.9988418221473694
73514,C,4.225087832310237e-05
41645,C,0.00017451087478548288
24810,C,0.00010502028453629464
12357,C,0.0001867759710876271
33103,C,0.9992672801017761
80467,C,6.326707807602361e-05
21302,C,4.1621304262662306e-05
76129,C,5.778176637249999e-05
44977,C,0.011861752718687057
64021,C,0.6275802850723267
47419,C,5.195865742280148e-05
90808,C,0.9992768168449402
53679,C,0.0001327890931861475
47755,C,0.00019479048205539584
47473,C,9.939403389580548e-05
38911,C,5.517576209967956e-05
3411,C,0.000570385018363595
86560,C,0.0005954658263362944
60870,C,0.00014248755178414285
17538,C,6.264499097596854e-05
2300,C,0.998860239982605
94755,C,2.9623972295667045e-05
40118,C,9.430808131583035e-05
62057,C,0.0015613671857863665
88081,C,2.9336511943256482e-05
8371,C,0.0029637161642313004
63520,C,2.830862285918556e-05
16874,C,0.0002888486778829247
99714,C,0.9215490818023682
50330,C,5.94876182731241e-05
56148,C,0.998478353023529
10541,C,0.9976771473884583
46610,C,0.00016672445053700358
21175,C,0.00017536223458591849
28232,C,0.0001409328106092289
94006,C,0.00014600214490201324
19958,C,0.9987119436264038
88460,C,0.9987384676933289
51750,C,4.4968543079448864e-05
21526,C,0.00011666664795484394
81438,C,8.109529153443873e-05
55943,C,0.0015582978958263993
332,C,0.0002444492420181632
31302,C,0.0003113558632321656
80137,C,0.0011244863271713257
69360,C,0.0001039767885231413
24086,C,4.360738967079669e-05
89337,C,0.0005172675009816885
76044,C,3.779329563258216e-05
84334,C,9.382960706716403e-05
33714,C,0.9994528889656067
18905,C,6.964286876609549e-05
69587,C,0.00011945758888032287
10699,C,0.00018834184447769076
46888,C,0.9994100332260132
11964,C,7.913963054306805e-05
65737,C,8.503576827934012e-05
42837,C,0.0004748128994833678
15973,C,3.490881499601528e-05
6847,C,5.1399259973550215e-05
89532,C,0.0005254012648947537
71778,C,7.442502828780562e-05
97961,C,0.00010101949010277167
53267,C,4.9692069296725094e-05
39294,C,0.00016501145728398114
37677,C,4.157310468144715e-05
51224,C,0.000344850734109059
78722,C,0.00040217553032562137
49852,C,0.0005378946079872549
83460,C,5.7768433180171996e-05
28339,C,6.637175829382613e-05
10033,C,0.00016076517931651324
19184,C,4.728241401608102e-05
55080,C,0.00025026287767104805
266,C,7.386285869870335e-05
92186,C,9.239284554496408e-05
90631,C,0.00010474045848241076
57498,C,0.9985172152519226
54518,C,0.00010078711056848988
74038,C,0.00026334499125368893
96689,C,0.00025058709434233606
60104,C,3.484309490886517e-05
33458,C,0.9987412095069885
29391,C,0.9986949563026428
35026,C,2.8945369194843806e-05
4387,C,8.022459951462224e-05
39784,C,0.00010534475586609915
19055,C,0.0006776448572054505
53527,C,0.00013945644604973495
15384,C,7.44621574995108e-05
76745,C,9.619620686862618e-05
32913,C,0.00016124847752507776
83003,C,0.00023463305842597038
17913,C,5.6183893320849165e-05
94286,C,0.9993973970413208
69253,C,3.236585689592175e-05
64673,C,3.9759241190040484e-05
6415,C,8.630149386590347e-05
68114,C,0.0010292301885783672
99215,C,0.00012845669698435813
43384,C,7.417562301270664e-05
42086,C,0.0011931025655940175
19329,C,0.9987890124320984
58694,C,0.00029632417135871947
70013,C,0.00010700646816985682
24491,C,0.999650239944458
72094,C,0.000395122537156567
17520,C,0.00016566210251767188
17112,C,0.03838275000452995
17705,C,3.2560892577748746e-05
1535,C,0.00023680724552832544
47480,C,4.9746544391382486e-05
39480,C,0.0004172320186626166
72723,C,4.534249092102982e-05
83554,C,4.854402141063474e-05
27166,C,0.00010598346125334501
5222,C,6.258599751163274e-05
69839,C,0.009833012707531452
74470,C,0.9989750385284424
27912,C,5.7154556998284534e-05
39792,C,0.9992297887802124
38217,C,6.684274558210745e-05
82358,C,0.00018003451987169683
16078,C,0.00012046180199831724
7581,C,0.009564741514623165
58308,C,8.856932254275307e-05
49189,C,0.0002518440887797624
14090,C,8.763886580709368e-05
84024,C,5.443887857836671e-05
18087,C,0.0003523171762935817
60185,C,4.628452370525338e-05
99731,C,4.98572553624399e-05
99026,C,0.9980975985527039
8265,C,0.9991952776908875
43237,C,7.198028470156714e-05
58161,C,0.06709709018468857
81771,C,0.0002735549642238766
54078,C,6.163855141494423e-05
76050,C,0.0001797026488929987
26189,C,0.9993182420730591
16153,C,0.9979070425033569
449,C,0.0001701562578091398
20287,C,0.00016551146109122783
81148,C,0.00013683957513421774
12111,C,0.00010197699157288298
83741,C,4.6881381422281265e-05
6990,C,4.351757525000721e-05
92912,C,0.00010632691555656493
36984,C,0.0003522469778545201
26462,C,0.9985876083374023
59487,C,0.9991031885147095
96126,C,8.33966550999321e-05
76626,C,3.5226712498115376e-05
99240,C,6.186343671288341e-05
47005,C,0.00028829873190261424
6540,C,0.00019028554379474372
9016,C,0.0006560132605955005
13692,C,4.920143692288548e-05
44393,C,7.121926319086924e-05
67997,C,0.9988771080970764
21903,C,0.9993901252746582
95801,C,9.54679780988954e-05
53957,C,0.0539502389729023
1512,C,0.00015604750660713762
43759,C,2.542840229580179e-05
94798,C,3.663653478724882e-05
42172,C,4.690687273978256e-05
23661,C,9.27724686334841e-05
66081,C,0.9994524121284485
70209,C,0.0001156534708570689
79604,C,3.141853812849149e-05
5374,C,3.026720332854893e-05
16851,C,0.0005588862695731223
64480,C,0.00012699748913291842
95473,C,3.401884896447882e-05
8865,C,0.9979275465011597
97539,C,0.00013188117009121925
20333,C,0.00018275932234246284
26834,C,3.420642315177247e-05
52541,C,7.272217771969736e-05
98407,C,6.793726061005145e-05
79539,C,0.01898966170847416
5702,C,0.9993256330490112
66407,C,0.00023913969926070422
80407,C,9.211055294144899e-05
52363,C,0.002328404923900962
74961,C,0.00011022601393051445
19401,C,2.7207399398321286e-05
9156,C,0.9993589520454407
96400,C,0.01759784296154976
52061,C,8.613689715275541e-05
26073,C,0.00035212276270613074
95198,C,3.917740104952827e-05
10395,C,0.0003051830572076142
87300,C,0.0006273664766922593
90220,C,0.9989994168281555
42464,C,0.9990620017051697
14725,C,8.556873217457905e-05
11688,C,2.6401290597277693e-05
95374,C,2.573507845227141e-05
92107,C,0.0003127347445115447
33871,C,0.00011630010703811422
89048,C,0.0001516097254352644
4308,C,0.004097930155694485
7314,C,3.769211980397813e-05
17934,C,0.0002752384461928159
34749,C,6.013452366460115e-05
92608,C,0.00020318814495112747
43172,C,0.00017527933232486248
20401,C,7.148858276195824e-05
29151,C,0.0001772041287040338
79445,C,0.0001764689659466967
82731,C,3.7819794670213014e-05
28013,C,4.554482802632265e-05
57597,C,3.0280079954536632e-05
37027,C,0.00010796469723572955
39338,C,5.5741111282259226e-05
36280,C,0.00012074988626409322
16297,C,0.000201297429157421
4478,C,0.00010502799705136567
33755,C,5.58646788704209e-05
9436,C,3.185004970873706e-05
17193,C,0.0003744998830370605
22392,C,8.126916509354487e-05
22838,C,0.002685142681002617
40144,C,0.4236604869365692
15087,C,0.0006805559969507158
32475,C,4.812641054741107e-05
85299,C,3.214466050849296e-05
10684,C,0.00012386518938001245
27411,C,0.0003217468038201332
76153,C,5.574042006628588e-05
79290,C,0.00011734198778867722
12563,C,0.00010173736518481746
3856,C,0.9990540146827698
78159,C,0.00029139561229385436
89506,C,3.4028387744911015e-05
47002,C,0.00011188819917151704
93536,C,4.557463034871034e-05
17197,C,0.00013683382712770253
49067,C,0.999339759349823
32082,C,0.00036214874126017094
3561,C,0.00011192576494067907
77420,C,0.9986686706542969
96512,C,6.286623829510063e-05
98521,C,4.761457967106253e-05
40454,C,2.9613434890052304e-05
33867,C,9.747251169756055e-05
70579,C,0.00014628168719355017
57544,C,0.00012306908320169896
5689,C,0.0002417854411760345
50413,C,0.00011405559052946046
42751,C,0.998979389667511
47135,C,0.9984369874000549
96992,C,3.305506470496766e-05
55369,C,7.319401629501954e-05
68622,C,0.0001671705103944987
9639,C,4.622603228199296e-05
56815,C,4.323394023231231e-05
95584,C,0.00011627547792159021
9940,C,0.00018875875684898347
99985,C,0.00022911054838914424
77691,C,2.8184120310470462e-05
60911,C,0.001891885418444872
59754,C,0.0003431395161896944
57317,C,2.9126655135769397e-05
89186,C,0.0008220380987040699
90460,C,0.0001071481965482235
90923,C,6.395264063030481e-05
38016,C,0.001550824148580432
18602,C,8.455860370304435e-05
77516,C,0.0001278062118217349
4471,C,2.153374589397572e-05
99613,C,0.00010407925583422184
35674,C,2.9810247724526562e-05
81063,C,0.0017456755740568042
14561,C,5.680256799678318e-05
3388,C,4.2419029341544956e-05
91897,C,5.0090769946109504e-05
91921,C,0.00020847181440331042
33132,C,0.9990549683570862
92334,C,0.0038491496816277504
3709,C,0.00019497016910463572
15755,C,8.974169759312645e-05
67800,C,0.9994663596153259
84824,C,0.00020654533000197262
88132,C,0.9984338879585266
52944,C,0.00022432180412579328
96710,C,0.00014412787277251482
45504,C,4.316016202210449e-05
13290,C,0.0003979252651333809
26309,C,0.0010272939689457417
36142,C,0.9988675117492676
39557,C,0.0012883265735581517
67614,C,0.00014893956540618092
16942,C,0.00017978424148168415
28639,C,0.9991967082023621
97103,C,0.9976639747619629
17574,C,0.00034255656646564603
62402,C,0.9985541701316833
99195,C,0.00017364196537528187
16359,C,0.9995613694190979
92879,C,0.0006315879873000085
26554,C,7.988892321009189e-05
8889,C,0.9986660480499268
63471,C,0.00020465809211600572
77752,C,0.005805360618978739
41826,C,2.34972048929194e-05
35999,C,0.00039859782555140555
72944,C,0.0004726176557596773
55018,C,3.503046900732443e-05
71453,C,7.541213562944904e-05
88555,C,0.00012351866462267935
47640,C,5.940847404417582e-05
30345,C,0.00030469984631054103
29045,C,6.473353278124705e-05
75507,C,0.00021864192967768759
24463,C,0.00033638006425462663
13184,C,0.0001876163005363196
86148,C,0.0002985029714182019
54008,C,7.914988964330405e-05
31460,C,6.241023220354691e-05
63597,C,0.00018896676192525774
14998,C,0.000440789241110906
56045,C,5.389372745412402e-05
80429,C,5.225714994594455e-05
97942,C,0.00014179875142872334
42045,C,4.436645394889638e-05
18389,C,3.901246236637235e-05
70776,C,0.00016232092457357794
96295,C,5.1731036364799365e-05
34566,C,0.00012788630556315184
3503,C,0.0007269148482009768
3922,C,0.00014662703324574977
40434,C,0.0003459307481534779
97713,C,0.9984949827194214
7625,C,0.00030346427229233086
29354,C,4.18694326072e-05
52503,C,0.0018972271354869008
79127,C,0.9987176656723022
55946,C,3.129148535663262e-05
12144,C,4.156652357778512e-05
96945,C,0.00013507426774594933
79461,C,6.429421773646027e-05
96921,C,0.00012680860527325422
98299,C,0.00061490957159549
68162,C,5.3338921134127304e-05
45495,C,0.9995468258857727
53949,C,0.9995347261428833
74726,C,7.335522241191939e-05
37049,C,0.00010336613922845572
42680,C,4.159979653195478e-05
49241,C,0.00010463722719578072
69458,C,0.00010571951133897528
44145,C,0.9988883137702942
31934,C,0.0020697242580354214
97596,C,0.9996572732925415
8484,C,9.08965666894801e-05
84818,C,0.9984384179115295
66315,C,0.0003172709548380226
29243,C,0.9988157749176025
8538,C,5.0597456720424816e-05
80231,C,0.0001885731180664152
97903,C,0.00011060167889809236
27574,C,5.050663457950577e-05
77012,C,5.051289190305397e-05
47687,C,0.00014082936104387045
72294,C,0.00014004303375259042
28810,C,0.9986656904220581
51870,C,0.0003407402546145022
95804,C,6.658768688794225e-05
78034,C,7.683943113079295e-05
51285,C,0.9989594221115112
92848,C,0.0003638045454863459
55049,C,4.376220022095367e-05
95882,C,0.00042864849092438817
20966,C,4.328096838435158e-05
57672,C,0.0001067739722202532
4345,C,3.8721467717550695e-05
316,C,2.874039637390524e-05
75920,C,0.00010266084427712485
19657,C,0.000569376046769321
54003,C,0.00017486333672422916
67467,C,0.0009725749841891229
39861,C,0.0001202394996653311
384,C,0.00011686550715239719
51887,C,0.0001607673184480518
34397,C,7.988366269273683e-05
9008,C,3.9755075704306364e-05
20058,C,0.0009303218103013933
26980,C,0.09069465845823288
20019,C,8.850212179822847e-05
74597,C,0.00010179200762649998
73014,C,6.697794742649421e-05
91255,C,0.00048084993613883853
17251,C,0.9984086155891418
52881,C,0.011405390687286854
32114,C,0.9992417097091675
16871,C,3.316890069982037e-05
18124,C,6.025644688634202e-05
59263,C,0.0002836755884345621
3369,C,0.9985741376876831
8512,C,0.0001058135021594353
91336,C,0.00017033515905495733
44135,C,0.0002659121819306165
62054,C,6.398020923370495e-05
67240,C,0.00023502488329540938
31939,C,5.203005639486946e-05
70741,C,0.00011719761823769659
49927,C,0.0002475217916071415
78721,C,0.0005587459309026599
10613,C,0.0001702734298305586
49525,C,7.116658525774255e-05
27801,C,4.4472308218246326e-05
14961,C,0.00042089345515705645
92178,C,0.00013108465645927936
10181,C,0.00016507851250935346
59231,C,0.00010723221930675209
63943,C,0.0006050829542800784
85535,C,0.00014634893159382045
71469,C,3.899501825799234e-05
49438,C,8.850465383147821e-05
68847,C,5.448738738778047e-05
95079,C,0.0004817516601178795
46050,C,2.6280811653123237e-05
56816,C,9.647344995755702e-05
71850,C,0.9989694356918335
99201,C,7.665405428269878e-05
11636,C,0.00010994070180458948
36198,C,0.0016339864814653993
17320,C,6.474650581367314e-05
85394,C,0.00036145339254289865
95566,C,0.00010938230116153136
36293,C,8.125660679070279e-05
13904,C,8.629820513306186e-05
96288,C,4.8433736083097756e-05
22191,C,6.139855395304039e-05
43197,C,6.036008198861964e-05
28840,C,0.00010323650349164382
89086,C,2.726240927586332e-05
44190,C,0.9980265498161316
61323,C,0.9988458156585693
93121,C,5.2528146625263616e-05
33249,C,0.00013083378144074231
4999,C,5.6675959058338776e-05
51438,C,7.82938877819106e-05
26416,C,4.1614912333898246e-05
72686,C,0.00022196763893589377
50500,C,0.00012201089703012258
75867,C,6.962235056562349e-05
21472,C,0.00028928660321980715
63426,C,6.420035060727969e-05
95533,C,5.454285928863101e-05
11341,C,3.573914727894589e-05
44411,C,0.002031647367402911
39467,C,0.0004320342850405723
6747,C,0.00020429720461834222
21914,C,0.0004747977072838694
94392,C,0.0005896155489608645
81638,C,0.00020487383881118149
17444,C,0.9982374906539917
89614,C,5.0967973947990686e-05
88900,C,0.9983769655227661
8925,C,0.0024444458540529013
46419,C,7.956762419780716e-05
93102,C,5.9156111092306674e-05
66640,C,6.676610064459965e-05
65908,C,7.248690963024274e-05
55763,C,4.409452230902389e-05
17113,C,5.993900413159281e-05
94236,C,2.3980705009307712e-05
30096,C,0.0003423244343139231
4647,C,5.0962531531695276e-05
42400,C,7.001370249781758e-05
59536,C,9.09935261006467e-05
38100,C,0.9992434978485107
24176,C,3.2415588066214696e-05
65783,C,8.860910747898743e-05
68526,C,0.0029966130387037992
33674,C,4.853369318880141e-05
25782,C,9.527490328764543e-05
31750,C,6.202216172823682e-05
49242,C,0.00011896752403117716
39893,C,3.887342245434411e-05
3615,C,6.805066368542612e-05
68931,C,5.003953629056923e-05
41662,C,0.005789447575807571
33062,C,0.9990057349205017
81383,C,4.9962200137088075e-05
77908,C,7.996903150342405e-05
81292,C,0.9991337656974792
38103,C,0.0001693939557299018
18083,C,3.545778236002661e-05
61829,C,0.00017139740521088243
49347,C,0.9989767074584961
99257,C,9.99637704808265e-05
15394,C,0.00020106244483031332
15353,C,0.0008233013795688748
58704,C,0.000115311770059634
47398,C,2.1768841179437004e-05
70018,C,5.5939093726919964e-05
24650,C,0.0004529647994786501
64353,C,8.004342089407146e-05
54305,C,0.00021200356422923505
30687,C,0.000408864114433527
77383,C,0.001131390337832272
56084,C,0.0005556743126362562
76872,C,5.816150223836303e-05
17504,C,0.9970876574516296
27168,C,9.355424845125526e-05
57158,C,0.003413414815440774
89739,C,4.400143734528683e-05
23145,C,8.833197352942079e-05
77401,C,3.986547380918637e-05
38691,C,0.00015495119441766292
69773,C,0.005593069363385439
39446,C,0.9987101554870605
43146,C,7.46430887375027e-05
74453,C,0.00010077893966808915
51189,C,5.0263653974980116e-05
15628,C,2.2280682969721965e-05
43433,C,0.0009749904274940491
67987,C,0.0005520720151253045
63503,C,0.9975423812866211
61286,C,7.51997868064791e-05
84856,C,8.123716543195769e-05
77343,C,0.00014170426584314555
51664,C,0.00023551791673526168
34523,C,9.369450708618388e-05
40173,C,0.0003405866154935211
29334,C,0.00023293365666177124
89355,C,0.717831552028656
17040,C,8.16516621853225e-05
25610,C,0.056888047605752945
48305,C,3.3595286367926747e-05
35454,C,0.00010523029777687043
75808,C,0.998591959476471
56128,C,0.0003138072497677058
9449,C,0.9987788796424866
28869,C,4.290863580536097e-05
96232,C,0.00339422095566988
87911,C,8.869729208527133e-05
7141,C,3.968870805692859e-05
17274,C,3.5600358387455344e-05
63275,C,0.0001239856064785272
90811,C,0.0001557651994517073
86803,C,0.0004594651109073311
57333,C,0.00012546688958536834
51193,C,0.9986060261726379
47593,C,7.759209984214976e-05
76828,C,0.9993854761123657
26048,C,8.207171777030453e-05
34109,C,1.9329036149429157e-05
14186,C,0.9982792139053345
50340,C,0.00033813717891462147
50397,C,0.0011917419033125043
31925,C,9.118279558606446e-05
3025,C,4.0386952605331317e-05
39039,C,0.00011715638538589701
67994,C,0.0009628563420847058
91291,C,0.00013369879161473364
53831,C,3.834152812487446e-05
44735,C,0.00014795988681726158
54721,C,0.0001382804475724697
26549,C,0.0011620201403275132
45228,C,9.808930190047249e-05
2495,C,4.5140015572542325e-05
12937,C,7.711617217864841e-05
39810,C,0.0002718042815104127
54363,C,0.059211716055870056
20446,C,0.00011987339530605823
73648,C,5.015702117816545e-05
82763,C,3.68481341865845e-05
16779,C,0.00022007105872035027
87841,C,0.00012452411465346813
87519,C,0.00035703275352716446
71231,C,0.00016951739962678403
87785,C,3.1067706004250795e-05
74625,C,0.00034285453148186207
5609,C,6.127315282355994e-05
70029,C,7.310369255719706e-05
57553,C,0.9988956451416016
43296,C,3.833322989521548e-05
48723,C,0.9985976815223694
69456,C,0.00021972782269585878
54925,C,4.223879295750521e-05
76227,C,0.9982276558876038
12734,C,0.00011380646901670843
12515,C,0.00022489833645522594
68460,C,0.0009233442833647132
31600,C,0.001204234198667109
5964,C,6.182940705912188e-05
11150,C,9.013071394292638e-05
44721,C,0.00012720171071123332
38303,C,0.0014988640323281288
95423,C,0.00031664001289755106
9462,C,0.00025836555869318545
80705,C,4.323241228121333e-05
39437,C,8.451813482679427e-05
54908,C,6.212989683263004e-05
3120,C,0.7929049134254456
78365,C,0.9987240433692932
6288,C,0.00031077134190127254
84278,C,5.591184162767604e-05
17664,C,3.262874815845862e-05
72859,C,5.2184990636305884e-05
18095,C,2.80354761343915e-05
56119,C,9.430223872186616e-05
56150,C,0.9977408647537231
51120,C,0.0005019382224418223
73065,C,0.0005525265587493777
35931,C,0.00570771424099803
93908,C,0.0003218937781639397
32083,C,0.9994770884513855
45632,C,5.6292334193130955e-05
73972,C,7.944540993776172e-05
44291,C,0.9980717897415161
18603,C,0.00011184297181898728
54777,C,0.003937045112252235
45051,C,0.0003650801081676036
75035,C,5.497890379047021e-05
51246,C,0.0014829498250037432
81658,C,0.0001838727475842461
59057,C,5.107706238050014e-05
61272,C,7.40522300475277e-05
49978,C,0.00016400379536207765
80257,C,0.0003602946817409247
28167,C,0.0004412551934365183
38651,C,6.91703608026728e-05
92344,C,4.035761594423093e-05
13779,C,0.998134970664978
93639,C,2.7030659111915156e-05
73795,C,2.986567596963141e-05
30117,C,0.0021967177744954824
83701,C,0.00012289411097299308
67922,C,8.487771265208721e-05
58342,C,0.9990002512931824
98169,C,7.917948096292093e-05
43314,C,0.9986556768417358
23966,C,0.0002625119814183563
14385,C,0.998900294303894
38228,C,2.7284126190352254e-05
33722,C,5.85845009482e-05
79670,C,5.2642280934378505e-05
12615,C,3.6204266507411376e-05
59622,C,0.0004663272702600807
49833,C,0.9992351531982422
77206,C,0.000754541193600744
10724,C,0.003411700716242194
31611,C,0.9990492463111877
18581,C,6.164242950035259e-05
41441,C,7.331753295147792e-05
48463,C,0.00024374104395974427
11946,C,0.042649634182453156
63973,C,0.9985644221305847
53787,C,0.000101325502328109
18724,C,0.00013545024557970464
48858,C,5.997576954541728e-05
79280,C,0.00012054845137754455
24473,C,2.8248403395991772e-05
21773,C,6.18747653788887e-05
49909,C,9.172296267934144e-05
56094,C,0.00010938043124042451
28564,C,0.00013598303485196084
85875,C,0.0011637337738648057
20691,C,5.54233010916505e-05
91066,C,0.0005282842321321368
16714,C,0.0020545118022710085
92259,C,0.00017326850502286106
25154,C,0.00021930002549197525
62253,C,0.020378736779093742
58729,C,0.007455112412571907
62569,C,0.0001887553371489048
92184,C,0.00022396832355298102
97810,C,0.9991463422775269
19745,C,0.0036957436241209507
6218,C,0.9992052912712097
73328,C,0.02128020115196705
21651,C,9.647401020629331e-05
35228,C,6.852754449937493e-05
93957,C,0.9991840720176697
21223,C,0.032648202031850815
41254,C,7.907241524662822e-05
93339,C,0.000542911235243082
70300,C,0.00016652744670864195
89633,C,0.00010637925151968375
86854,C,0.000270443590125069
95765,C,6.919979205122218e-05
26223,C,0.0004973348113708198
49582,C,0.9989423155784607
17442,C,4.813976920559071e-05
18778,C,0.0008385317632928491
55388,C,7.648815517313778e-05
71843,C,4.6164928789949045e-05
17056,C,2.9792967325192876e-05
66075,C,0.00022104322852101177
79051,C,0.998921275138855
97517,C,8.560407150071114e-05
48048,C,0.9991452693939209
3413,C,2.6437568521942012e-05
57423,C,0.00011766456736950204
97467,C,0.06611456722021103
81407,C,0.00014397938502952456
65911,C,0.0003897413262166083
47429,C,0.0001449879928259179
54295,C,0.9885013103485107
58578,C,5.376503395382315e-05
80966,C,5.8009121858049184e-05
10568,C,4.940591679769568e-05
88668,C,3.611533247749321e-05
98750,C,4.144607737543993e-05
52280,C,0.0037485123611986637
28514,C,5.391989179770462e-05
86433,C,0.9996460676193237
28492,C,0.00015520006127189845
39372,C,0.0007441721973009408
4052,C,0.0001455039018765092
96924,C,0.0001094542967621237
53193,C,0.0024943253956735134
79640,C,0.9983367919921875
57468,C,0.00028783263405784965
10283,C,7.346443453570828e-05
23378,C,8.274092397186905e-05
27522,C,0.00044560583774000406
82754,C,8.359338971786201e-05
58722,C,0.04095640778541565
31013,C,7.296592957573012e-05
5950,C,0.0001450706913601607
5482,C,0.9995446801185608
9092,C,0.000503833347465843
61970,C,5.814159521833062e-05
16723,C,0.0001050358114298433
44178,C,9.072726243175566e-05
57094,C,0.006116514094173908
53067,C,4.568127769744024e-05
34661,C,0.0001251495414180681
46264,C,0.0005917109083384275
97983,C,7.175419887062162e-05
22573,C,0.9989305138587952
71410,C,0.0003109568788204342
54763,C,3.9178485167212784e-05
82903,C,0.003650498576462269
61536,C,0.0004559048393275589
32994,C,0.00010329391807317734
26789,C,0.000274393183644861
77586,C,0.00037146813701838255
10902,C,0.9991127848625183
10723,C,0.0007948106504045427
47666,C,0.00013763271272182465
12151,C,2.2927702957531437e-05
90166,C,4.4113952753832564e-05
64961,C,4.292664016247727e-05
13960,C,9.709864389151335e-05
61579,C,4.025360249215737e-05
97814,C,2.3575719751534052e-05
88809,C,0.0009062988683581352
77147,C,9.992603008868173e-05
27417,C,4.5444736315403134e-05
54219,C,0.0002215637796325609
27041,C,0.00029173115035519004
31132,C,0.00010474834562046453
37824,C,0.99856036901474
87372,C,8.016869105631486e-05
1993,C,0.00010743692109826952
34763,C,0.0008660585153847933
7546,C,0.001611872110515833
38017,C,0.00021416037634480745
31345,C,3.457894126768224e-05
53491,C,0.9992672801017761
25805,C,0.00028162941453047097
92671,C,4.0549035475123674e-05
87713,C,0.9989814162254333
86273,C,0.016356514766812325
12605,C,0.0001750713709043339
67298,C,3.9747945265844464e-05
41062,C,0.0003135536680929363
10382,C,0.0002971091598737985
13940,C,6.174556619953364e-05
2279,C,0.9987736344337463
17263,C,4.702815931523219e-05
2013,C,0.999133288860321
44306,C,7.924429519334808e-05
91998,C,3.133681821054779e-05
36901,C,5.193477772991173e-05
47876,C,0.0001394084538333118
34143,C,8.742667705519125e-05
40811,C,4.1577422962291166e-05
43471,C,3.200273931724951e-05
20315,C,7.356369314948097e-05
24923,C,8.238623559009284e-05
85956,C,0.9987442493438721
66257,C,6.465555634349585e-05
36555,C,0.00011372002336429432
20533,C,0.0001447519171051681
2728,C,3.79780976800248e-05
80500,C,0.00017121936252806336
12493,C,0.0003707092837430537
84537,C,9.081624739337713e-05
73102,C,6.752382614649832e-05
41969,C,5.6167555158026516e-05
29630,C,5.723260255763307e-05
25124,C,0.0001491976872785017
66601,C,5.97455509705469e-05
30284,C,0.00011590928625082597
88949,C,3.390422716620378e-05
63395,C,0.00012686604168266058
79966,C,0.0007162023684941232
49956,C,3.1878887966740876e-05
49868,C,0.031404782086610794
10755,C,0.0001902926160255447
91888,C,0.0028681878466159105
7922,C,7.301256118807942e-05
11775,C,2.2825972337159328e-05
55865,C,0.9985809326171875
86136,C,0.002307125134393573
3098,C,0.0006449269130825996
30739,C,7.674028165638447e-05
52609,C,9.290331945521757e-05
50238,C,2.9054252081550658e-05
67141,C,0.9993129968643188
91739,C,3.6932706279912964e-05
82221,C,0.00023670589143875986
85045,C,0.9985465407371521
60160,C,4.218879257678054e-05
8931,C,0.0005414710030891001
12957,C,8.821681694826111e-05
72572,C,9.646001853980124e-05
72729,C,0.0001282372686546296
27957,C,3.198059130227193e-05
24077,C,0.9992927312850952
13945,C,0.998088538646698
64831,C,0.0004644600267056376
90545,C,0.00039142335299402475
59246,C,0.0001507389242760837
29192,C,0.00028780713910236955
65864,C,0.999394416809082
6317,C,9.770590258995071e-05
9463,C,0.0001332805259153247
12001,C,0.00011953232751693577
82949,C,4.955634358339012e-05
66688,C,0.0003253787290304899
66209,C,0.00023673703253734857
13985,C,0.0005194026161916554
78854,C,6.348070746753365e-05
1973,C,0.999488115310669
1905,C,8.327514660777524e-05
33040,C,0.000192524486919865
70524,C,0.9986920952796936
73345,C,0.00014582071162294596
26220,C,0.0002686441584955901
27589,C,2.364807005506009e-05
89204,C,4.330384035711177e-05
24235,C,0.00019068240362685174
21384,C,0.000271116616204381
41068,C,4.167912993580103e-05
57710,C,0.00013552879681810737
79140,C,0.00032869831193238497
14513,C,9.13080875761807e-05
35646,C,0.00023085290740709752
88952,C,5.0362777983536944e-05
30880,C,5.4525022278539836e-05
18338,C,0.00014367164112627506
51387,C,0.9992572665214539
28053,C,0.00025419105077162385
99397,C,6.770868640160188e-05
69120,C,0.9987642765045166
34789,C,6.871154619148001e-05
2525,C,5.088526813779026e-05
87760,C,0.0001425711379852146
69384,C,0.02455952949821949
67757,C,0.9990799427032471
6025,C,9.42871265579015e-05
49961,C,0.0001316317793680355
74525,C,0.000176316243596375
92091,C,0.0031806915067136288
35985,C,0.0006284532719291747
8207,C,0.9973611235618591
19462,C,0.9981252551078796
55111,C,0.0008485616999678314
552,C,0.0002510620397515595
36924,C,4.824758434551768e-05
98708,C,0.0020262154284864664
86376,C,4.762588650919497e-05
71587,C,0.9991851449012756
34605,C,0.9981898665428162
55079,C,5.9213114582234994e-05
834,C,0.0001978862565010786
69956,C,0.9987829327583313
36010,C,7.600036769872531e-05
383,C,0.005947110243141651
5161,C,0.9987862706184387
28312,C,0.9995298385620117
91276,C,0.0006023859605193138
36373,C,0.9992455244064331
32461,C,0.0009592495625838637
2361,C,0.9982106685638428
54642,C,0.0030313218012452126
4585,C,4.0616494516143575e-05
24187,C,0.0002221063186880201
53571,C,0.998267650604248
81158,C,0.0007938562193885446
34818,C,0.00017313985154032707
37822,C,7.329432264668867e-05
25002,C,4.334374898462556e-05
18544,C,0.00012352313206065446
72416,C,0.0002961115096695721
52210,C,0.0007680539856664836
79789,C,8.749690459808335e-05
44686,C,4.839209213969298e-05
56019,C,0.0010847414378076792
5440,C,0.9995250701904297
97104,C,3.915823981515132e-05
95747,C,8.39226195239462e-05
48579,C,0.0002477822417858988
55430,C,7.96742970123887e-05
24837,C,0.0001764617336448282
64126,C,0.0010195771465077996
79617,C,7.160361565183848e-05
63530,C,0.0003466605267021805
90984,C,0.0001680317218415439
35506,C,0.0001051881627063267
18966,C,7.087218546075746e-05
25255,C,0.0006425069877877831
46884,C,9.669127030065283e-05
84686,C,9.624575613997877e-05
25590,C,0.00014397416089195758
82967,C,0.9984134435653687
44798,C,4.952011295245029e-05
79943,C,0.0014840883668512106
2438,C,2.9714316042372957e-05
35976,C,8.690071263117716e-05
97029,C,8.558692934457213e-05
68463,C,4.1313211113447323e-05
86584,C,0.06287538260221481
15813,C,0.00019100739154964685
99774,C,5.001449608244002e-05
87897,C,0.00015004615124780685
87077,C,4.978508150088601e-05
82149,C,5.200773375690915e-05
77386,C,6.535978172905743e-05
56355,C,2.7579579182201996e-05
82634,C,6.598207983188331e-05
76571,C,7.162177644204348e-05
40278,C,0.9992824196815491
45703,C,0.00012312601029407233
26102,C,0.9991148114204407
12218,C,0.0001999421656364575
63161,C,7.57652596803382e-05
57173,C,0.0012876003747805953
45471,C,0.0003308689338155091
95641,C,0.0019111370202153921
76913,C,0.0001993963378481567
6918,C,0.002741286065429449
90419,C,5.3311614465201274e-05
95640,C,6.087187648518011e-05
32584,C,0.00012466002954170108
21866,C,0.0001400250184815377
47967,C,0.00026092995540238917
18406,C,0.9994612336158752
24788,C,0.0003121202753391117
56439,C,0.9978887438774109
40789,C,0.9982465505599976
95587,C,3.934599953936413e-05
1926,C,0.0002191846288042143
13370,C,0.0013180652167648077
70893,C,0.9975259900093079
93156,C,2.0295447029639035e-05
29906,C,9.787151793716475e-05
71308,C,0.0003254532057326287
16984,C,3.0908391636330634e-05
36878,C,8.503057324560359e-05
13972,C,0.0002686397929210216
1699,C,0.00011907318548765033
58428,C,5.977900582365692e-05
75008,C,0.0002726150560192764
92121,C,4.867316238232888e-05
26290,C,0.006809614133089781
1748,C,8.12142388895154e-05
89864,C,4.533608807832934e-05
52623,C,0.0002217677392764017
33114,C,0.9983497858047485
29642,C,0.0002337876067031175
78361,C,0.00017707845836412162
85813,C,7.320400618482381e-05
29562,C,0.0003293086774647236
5519,C,0.00011380028445273638
93892,C,2.7046955437981524e-05
58703,C,0.00019095804600510746
60070,C,6.514895358122885e-05
57816,C,2.6788282411871478e-05
30237,C,0.0006645498797297478
93584,C,8.604462345829234e-05
73873,C,0.0001085829280782491
62243,C,6.042481618351303e-05
10078,C,0.00010157344513572752
8014,C,6.0761914937756956e-05
98982,C,0.9996200799942017
21495,C,0.00014587481564376503
9574,C,5.321505886968225e-05
34459,C,4.7589568566763774e-05
50241,C,0.0010888786055147648
99307,C,7.36732836230658e-05
90424,C,3.0989911465439945e-05
72465,C,0.00016482324281241745
56141,C,0.00015758586232550442
16676,C,0.0005857902579009533
97805,C,0.9989749193191528
59478,C,0.9981082677841187
73947,C,0.00015783909475430846
46710,C,0.00010672186181182042
33885,C,4.697863187175244e-05
87354,C,6.202777876751497e-05
40115,C,3.300577009213157e-05
7566,C,0.00015186829841695726
47127,C,0.00011571095092222095
52257,C,2.6099562091985717e-05
15108,C,7.79787078499794e-05
72888,C,0.9986920952796936
22303,C,8.416305354330689e-05
56689,C,9.873438102658838e-05
37635,C,5.642707765218802e-05
37168,C,0.0001589200837770477
43376,C,6.825714081060141e-05
94339,C,0.0003348811296746135
4036,C,8.250982500612736e-05
34329,C,0.00018343512783758342
95266,C,0.0002649512607604265
60694,C,5.4418847867054865e-05
61680,C,0.0001280170981772244
76536,C,4.032064680359326e-05
94028,C,0.9985803365707397
3927,C,0.00014630693476647139
71741,C,0.0001198611716972664
4614,C,8.641299791634083e-05
78007,C,0.00016033256542868912
43683,C,0.0001393564889440313
59012,C,0.00010116938210558146
63179,C,0.00012071328092133626
781,C,0.00043536859448067844
87195,C,4.6030017983866856e-05
58505,C,5.663532647304237e-05
17356,C,0.9996256828308105
33595,C,0.0026021639350801706
12799,C,3.930827006115578e-05
55900,C,6.390453927451745e-05
27075,C,0.00015031163638923317
32159,C,2.860209860955365e-05
55116,C,0.00023361359490081668
50436,C,0.9993315935134888
25274,C,0.00015097814321052283
40689,C,3.272500907769427e-05
94294,C,9.46089276112616e-05
83645,C,0.9986258745193481
65012,C,0.00013504426169674844
42042,C,3.375312371645123e-05
59687,C,0.0001467635593144223
4866,C,5.011523171560839e-05
1559,C,0.9987924098968506
15481,C,0.00014804131933487952
54597,C,0.9987291693687439
67480,C,0.9988505840301514
1279,C,9.29868983803317e-05
89224,C,4.04360871470999e-05
46294,C,0.0011643475154414773
86654,C,0.0003330599283799529
25667,C,0.9974392652511597
6021,C,0.00013358409341890365
39284,C,0.00011042000551242381
52077,C,3.3997766877291724e-05
20572,C,0.9986262321472168
1427,C,4.185641955700703e-05
26438,C,7.002599159022793e-05
21731,C,0.997632622718811
16937,C,2.6501433239900507e-05
53386,C,5.609737854683772e-05
60275,C,0.0015903936000540853
27881,C,0.0052805072627961636
70798,C,4.596474900608882e-05
46317,C,5.03540868521668e-05
80204,C,0.9991437196731567
26018,C,0.0003939997695852071
57524,C,3.7341113056754693e-05
65024,C,8.755299495533109e-05
41019,C,0.0011670896783471107
6186,C,5.699665780412033e-05
723,C,9.32232360355556e-05
8354,C,4.431482375366613e-05
85461,C,0.002148320432752371
58830,C,0.00010888840188272297
41334,C,0.0003076063876505941
63457,C,0.0008183191530406475
4728,C,0.0005526479799300432
82534,C,0.0024565428029745817
56980,C,5.709250763175078e-05
69595,C,0.00038825723459012806
51414,C,0.9995681643486023
81960,C,0.00024827150627970695
60786,C,0.0013119789073243737
15473,C,2.6848920242628083e-05
52667,C,5.880245225853287e-05
44762,C,7.52138439565897e-05
11149,C,0.0009064205805771053
94063,C,0.00013657560339197516
38364,C,0.9992735981941223
19360,C,7.559710502391681e-05
68509,C,4.393640483613126e-05
3271,C,0.9996211528778076
48645,C,9.146520460490137e-05
18932,C,0.00010601590474834666
96722,C,9.205066453432664e-05
45127,C,0.00021408913016784936
65058,C,0.9975518584251404
27397,C,0.9989557266235352
19064,C,0.0001284025638597086
6961,C,0.9979634284973145
83818,C,3.365364682395011e-05
63831,C,0.00014616610133089125
6234,C,6.621062493650243e-05
89541,C,0.0004637930542230606
58296,C,0.00044300261652097106
32087,C,0.00012862743460573256
22357,C,2.7297895940137096e-05
81274,C,0.9983922839164734
70094,C,3.0120871088001877e-05
36282,C,4.87147226522211e-05
55530,C,0.000314126635203138
17271,C,9.308075823355466e-05
34753,C,0.00012247494305483997
34138,C,0.33224794268608093
57605,C,0.00021646582172252238
64479,C,0.08339716494083405
22205,C,5.5189339036587626e-05
69905,C,6.595294689759612e-05
90154,C,2.2962976800045e-05
90719,C,0.9988954067230225
174,C,4.5657936425413936e-05
16811,C,0.00019543584494385868
14875,C,0.00011231558164581656
47390,C,5.072146814200096e-05
60838,C,0.9990111589431763
31662,C,0.00010982251114910468
25894,C,0.00030704031814821064
98009,C,9.883687016554177e-05
59554,C,3.462857421254739e-05
74797,C,6.990235851844773e-05
38863,C,0.00013104717072565109
22515,C,3.921979441656731e-05
75431,C,5.8882025768980384e-05
51496,C,0.00018589898536447436
13427,C,0.00023424456594511867
48052,C,2.7035430321120657e-05
63060,C,0.9997996687889099
89169,C,2.9695220291614532e-05
86384,C,0.00019692536443471909
99626,C,0.9984248876571655
24108,C,2.513819890737068e-05
21770,C,6.592100544366986e-05
77552,C,5.028651867178269e-05
3231,C,8.14267186797224e-05
95884,C,0.00044344874913804233
65034,C,0.00011928081221412867
33530,C,6.128285167505965e-05
35408,C,0.0001716103288345039
18138,C,0.0004745020705740899
86049,C,0.0002828252036124468
35795,C,7.59996401029639e-05
34775,C,6.76419585943222e-05
72848,C,0.0027652173303067684
80465,C,7.253559306263924e-05
18892,C,7.553816249128431e-05
22330,C,7.901249045971781e-05
975,C,0.0004960974329151213
9236,C,6.198290066095069e-05
11983,C,0.9992356300354004
53101,C,4.001939669251442e-05
97912,C,0.0011983030708506703
17068,C,0.00020884822879452258
2556,C,0.0005409875884652138
66761,C,6.772489723516628e-05
56984,C,5.345497265807353e-05
60621,C,0.9991819262504578
61553,C,0.9984203577041626
44068,C,0.0003082322655245662
722,C,0.00010396845755167305
36707,C,0.00014942065172363073
67153,C,0.00012107374641345814
33847,C,0.0007171749020926654
69711,C,0.9992997646331787
77458,C,8.163048914866522e-05
24853,C,5.1996375987073407e-05
97868,C,0.00010028342512669042
99016,C,0.9977483153343201
89674,C,4.1548453737050295e-05
22521,C,0.0001583460543770343
25146,C,0.0002591780212242156
32267,C,6.004490205668844e-05
42853,C,4.1714960389072075e-05
2651,C,0.0002201957395300269
52,C,2.7827178200823255e-05
49391,C,4.4997839722782373e-05
53856,C,0.9992327690124512
39799,C,0.0003185936948284507
1846,C,3.4651598980417475e-05
8239,C,0.9990110397338867
69347,C,6.178638432174921e-05
40761,C,0.00016499683260917664
34647,C,0.9984096884727478
25385,C,0.9989708662033081
33569,C,0.9979403614997864
14175,C,0.9988065958023071
81889,C,0.00013189010496716946
89198,C,0.00038234767271205783
68909,C,0.0007699431153014302
70160,C,0.0016530943103134632
17377,C,6.466430932050571e-05
5678,C,0.00013835894060321152
28114,C,2.6266030545230024e-05
41301,C,0.9981426000595093
63521,C,9.901016164803877e-05
38130,C,4.6059001761022955e-05
97774,C,4.462303331820294e-05
3859,C,4.2388619476696476e-05
63501,C,0.9528633952140808
63492,C,0.9994654059410095
63941,C,5.135697210789658e-05
70182,C,0.00017251347890123725
5041,C,5.498068640008569e-05
83341,C,0.000292562268441543
43987,C,0.0004496383189689368
40685,C,0.0001949636498466134
19924,C,0.00046412297524511814
54090,C,0.0004648498143069446
99839,C,0.0003199488273821771
37410,C,0.0003088947560172528
27747,C,0.9992644190788269
15124,C,0.00022428674856200814
72517,C,4.893822188023478e-05
48822,C,0.9978259205818176
77855,C,0.00015454717504326254
43490,C,0.01096395030617714
39192,C,0.0005177605780772865
77571,C,2.843701258825604e-05
9415,C,0.00013308647612575442
91536,C,0.00012735572818201035
26818,C,0.9992539286613464
63601,C,5.272865018923767e-05
87436,C,7.43126220186241e-05
24937,C,0.9988446235656738
82542,C,0.00011188713688170537
43044,C,0.0006738988449797034
39296,C,0.010243249125778675
81200,C,0.004817848093807697
80984,C,0.9988759160041809
33401,C,0.00016732998483348638
89026,C,3.2752079277997836e-05
12279,C,0.9982049465179443
37456,C,0.9616385698318481
81553,C,5.6085133110173047e-05
19478,C,0.00039342534728348255
99520,C,0.9983823299407959
55944,C,5.081452036392875e-05
24779,C,3.63774124707561e-05
39067,C,2.994727219629567e-05
53711,C,7.068792183417827e-05
22402,C,6.842554284958169e-05
81030,C,4.793527114088647e-05
7520,C,0.00038986248546279967
10994,C,0.00041070228326134384
12652,C,0.00017795829626265913
3049,C,0.9990314245223999
86978,C,9.283795952796936e-05
2867,C,4.621955304173753e-05
96088,C,0.998515784740448
90250,C,6.228632992133498e-05
7271,C,0.00014592015941161662
26342,C,2.906253757828381e-05
66538,C,0.00019573552708607167
8652,C,0.00015044226893223822
31094,C,0.9988620281219482
32163,C,0.9988881945610046
7685,C,3.4700307878665626e-05
4509,C,0.0001842238852987066
14814,C,4.753858229378238e-05
93180,C,0.00011137692490592599
79489,C,3.6960824218112975e-05
52698,C,5.640356903313659e-05
73637,C,0.0025345312897115946
56798,C,0.00022130896104499698
96190,C,0.0007922122022137046
44550,C,2.4770388336037286e-05
29039,C,3.6630735849030316e-05
72708,C,0.00011708168312907219
58208,C,0.00013556511839851737
56739,C,6.665617547696456e-05
95643,C,0.00012090589007129893
64902,C,0.00029143894789740443
24616,C,0.9983276724815369
70667,C,7.49589380575344e-05
80852,C,0.0001936480839503929
94387,C,0.9984819293022156
19057,C,0.9977013468742371
64460,C,0.0004494923632591963
33279,C,0.00026520524988882244
69799,C,0.000226329910219647
18826,C,3.133481368422508e-05
8715,C,5.5490832892246544e-05
9645,C,0.0003577045863494277
25358,C,0.00017342818318866193
87432,C,0.00024825282162055373
99737,C,0.0002623961481731385
85614,C,0.0859312117099762
32270,C,0.0003797911340370774
19022,C,3.9152528188424185e-05
91738,C,3.285393177065998e-05
88196,C,5.2636813052231446e-05
55490,C,0.0015011157374829054
51922,C,0.0006574979051947594
52628,C,0.0009590517147444189
54711,C,2.1839412511326373e-05
16870,C,0.00022552296286448836
99218,C,0.0003471417003311217
46716,C,8.705680374987423e-05
74853,C,0.00045125256292521954
35289,C,0.00010146444401470944
73529,C,0.00018552162509877235
17100,C,0.00016056449385359883
82401,C,4.103791798115708e-05
56721,C,6.831529026385397e-05
26592,C,0.9996823072433472
26068,C,0.00011116227688034996
610,C,0.0008593618404120207
43098,C,0.00046083953930065036
22661,C,0.0002088613691739738
84732,C,4.601891487254761e-05
74048,C,0.00015867812908254564
12352,C,0.0002292138960910961
76563,C,6.63819519104436e-05
19667,C,0.00027778904768638313
3401,C,9.779678657650948e-05
36864,C,4.971372982254252e-05
6600,C,2.4034807211137377e-05
1059,C,0.00890276301652193
45150,C,0.00011703211930580437
97777,C,0.0001834555878303945
95146,C,0.00029686142806895077
2772,C,3.39043908752501e-05
32165,C,4.0062506741378456e-05
79271,C,8.27326366561465e-05
98832,C,0.0007179305539466441
99791,C,0.0006678444915451109
98054,C,0.00011074826761614531
17559,C,4.981205711374059e-05
33282,C,2.643774678290356e-05
1440,C,6.265896809054539e-05
9153,C,5.144564784131944e-05
57888,C,0.0013098664348945022
60025,C,0.0013924370286986232
94318,C,3.290774111519568e-05
25857,C,6.90392917022109e-05
29544,C,0.9987358450889587
46903,C,0.00015022036677692086
63106,C,9.604460501577705e-05
31457,C,0.9989092350006104
1621,C,3.258577635278925e-05
38184,C,5.595323091256432e-05
45423,C,5.6991062592715025e-05
36596,C,3.6332723539089784e-05
47964,C,4.81638744531665e-05
42290,C,0.00021130713867023587
1195,C,0.01565726101398468
86763,C,0.0013151435414329171
48253,C,0.0002228540543001145
91803,C,8.704916399437934e-05
76469,C,0.001603059470653534
37985,C,0.9979978203773499
73289,C,0.0002510271151550114
85767,C,3.444932372076437e-05
38420,C,0.0001316149573540315
13793,C,0.00018580895266495645
33019,C,0.9974724650382996
5891,C,0.0003734118363354355
65986,C,0.0004008529067505151
20262,C,0.00010233703505946323
58869,C,0.00012182047066744417
74141,C,0.00019399015582166612
12618,C,3.0095057809376158e-05
46458,C,2.9704737244173884e-05
11810,C,0.00713577913120389
35570,C,0.00010230248881271109
37657,C,3.9175982237793505e-05
95157,C,3.5127181035932153e-05
12857,C,5.308905019774102e-05
23478,C,0.00010168363951379433
36497,C,9.196529572363943e-05
68109,C,0.9984102249145508
87071,C,0.00016088403936009854
93105,C,0.0005400831578299403
31655,C,0.0014139579143375158
99874,C,0.00010625383583828807
1758,C,0.9993589520454407
286,C,0.9978358149528503
64713,C,0.0001617028465261683
88867,C,5.236135984887369e-05
41112,C,7.059314521029592e-05
64618,C,0.00015422301657963544
84300,C,0.00013371779641602188
61625,C,7.865450606914237e-05
19696,C,0.0011656704591587186
17120,C,0.00013429010869003832
57095,C,0.9998131394386292
46899,C,0.001413761987350881
7640,C,0.003993370570242405
81953,C,3.7000179872848094e-05
23124,C,0.00020063079136889428
81685,C,4.335053017712198e-05
30349,C,0.00025164822000078857
41057,C,0.00041442946530878544
71346,C,0.00032628083135932684
52015,C,8.096446981653571e-05
35928,C,0.00012405596498865634
93201,C,0.999398946762085
54849,C,0.0003588298277463764
81533,C,9.169348049908876e-05
4557,C,0.000123895428259857
66711,C,0.0047116829082369804
41813,C,0.02655043825507164
55264,C,8.108508336590603e-05
37611,C,6.26731343800202e-05
38509,C,4.127662759856321e-05
65530,C,0.00012380484258756042
21347,C,0.0005085669690743089
99540,C,2.0271556422812864e-05
3727,C,0.00012009409692836925
60680,C,0.0015671715373173356
40945,C,0.00016226769366767257
59734,C,0.9988915324211121
3568,C,3.0638697353424504e-05
34059,C,0.0010119379730895162
95429,C,5.514914300874807e-05
23729,C,0.0029151083435863256
35015,C,0.9989433884620667
15417,C,9.041289740707725e-05
56884,C,0.9987621307373047
97523,C,4.6839151764288545e-05
58403,C,3.38182071573101e-05
4970,C,8.336421160493046e-05
38005,C,5.200262239668518e-05
3,C,0.9981379508972168
97602,C,0.00010121956438524649
64099,C,3.648361598607153e-05
69491,C,0.9991366267204285
73715,C,0.00013185212446842343
45244,C,0.00040801006252877414
29651,C,0.9991658926010132
34286,C,0.9989675283432007
71740,C,0.00010221999400528148
81864,C,0.00019639526726678014
56399,C,0.9987762570381165
91702,C,4.764233381138183e-05
70732,C,0.0013533764285966754
39040,C,4.4512489694170654e-05
20755,C,0.00854604784399271
47043,C,0.00010980125080095604
75527,C,0.00016287177277263254
41679,C,6.41632650513202e-05
53769,C,8.480231190333143e-05
51287,C,0.00014135877427179366
38385,C,0.00017132109496742487
43162,C,0.004862687084823847
66878,C,0.998961329460144
65271,C,0.0003253254108130932
1937,C,0.00010615368228172883
62695,C,0.00012836999667342752
36052,C,8.343005902133882e-05
70713,C,0.9990853071212769
79520,C,3.040041701751761e-05
24214,C,0.0002802844683174044
18838,C,2.6099562091985717e-05
30893,C,0.0013150227023288608
76991,C,0.002235408639535308
11171,C,0.9985961318016052
76131,C,0.0002516091335564852
70862,C,0.9986255168914795
72662,C,5.432251055026427e-05
13823,C,0.00556622538715601
33443,C,0.0008110000053420663
20506,C,0.0001796243741409853
28075,C,0.999277651309967
36292,C,5.44961221748963e-05
65905,C,8.890127355698496e-05
19560,C,0.9992042183876038
39731,C,0.00020293470879551023
72405,C,0.00018551366520114243
35752,C,0.0003544949577189982
49652,C,5.123702794662677e-05
23816,C,8.56637634569779e-05
67802,C,2.883142587961629e-05
52231,C,0.9972360730171204
64155,C,0.9991033673286438
99574,C,0.00012887075718026608
97331,C,0.00030281831277534366
45726,C,4.969799192622304e-05
36308,C,0.00599326379597187
37277,C,0.9975753426551819
51201,C,3.27524212480057e-05
12031,C,0.00040835485560819507
22455,C,0.00011271201219642535
48957,C,0.0002793978783302009
21543,C,0.0008655805140733719
31057,C,0.0003141278575640172
10802,C,3.523232226143591e-05
52718,C,3.367894532857463e-05
86646,C,0.000416447437601164
53803,C,8.233314292738214e-05
52527,C,4.679995254264213e-05
73406,C,0.0001506509870523587
95246,C,4.8926365707302466e-05
84573,C,0.00020918305381201208
95428,C,0.00047130731400102377
27126,C,3.642778392531909e-05
97503,C,0.9986461997032166
10676,C,4.06687795475591e-05
17122,C,0.00017262059554923326
12887,C,4.0953313146019354e-05
73567,C,8.915238868212327e-05
71693,C,0.00013530657452065498
52986,C,0.00046917059808038175
64363,C,3.091847611358389e-05
79581,C,6.69922519591637e-05
81631,C,0.00015813934442121536
8134,C,2.2682150301989168e-05
8497,C,9.946846694219857e-05
90958,C,0.00026586957392282784
87117,C,0.9990498423576355
70634,C,0.00013643437705468386
41054,C,0.0001731228403514251
11211,C,7.001931226113811e-05
75170,C,5.7771572755882517e-05
38474,C,6.697520439047366e-05
7703,C,0.9981933236122131
68992,C,0.000889611488673836
1111,C,0.00015005344175733626
48704,C,0.00014675040438305587
72616,C,5.062458149041049e-05
92505,C,9.381869313074276e-05
34182,C,9.604945807950571e-05
47916,C,3.57858334609773e-05
71702,C,0.0001955762127181515
75932,C,0.0005168700590729713
72513,C,0.0001183182539534755
43776,C,1.9266721210442483e-05
84621,C,6.755867070751265e-05
52181,C,2.9155977244954556e-05
76855,C,9.573727584211156e-05
56448,C,9.352045162813738e-05
67641,C,4.22440716647543e-05
38,C,0.00024019724514801055
95822,C,0.9998205304145813
41720,C,0.9980900883674622
31612,C,3.967220982303843e-05
16647,C,0.000889957882463932
4190,C,0.00010247589671052992
11702,C,7.045594247756526e-05
15026,C,9.171228884952143e-05
17575,C,7.310250657610595e-05
38557,C,3.941258182749152e-05
73605,C,3.4946086088893935e-05
11114,C,0.016604339703917503
24877,C,0.00046379683772102
21921,C,6.236942135728896e-05
83267,C,0.9983994364738464
86962,C,0.9979802966117859
69241,C,0.0007757231942377985
14447,C,7.815469143679366e-05
43091,C,8.828085992718115e-05
183,C,0.99949049949646
93332,C,0.0002420984674245119
65363,C,0.00011263034684816375
66340,C,0.0001919881033245474
79021,C,7.561044913018122e-05
51785,C,8.323520887643099e-05
29419,C,6.78934738971293e-05
36989,C,4.300633736420423e-05
32329,C,5.8005305618280545e-05
23170,C,0.0005253787385299802
79426,C,0.9990148544311523
74621,C,0.9989818930625916
70361,C,0.0002436755021335557
31596,C,0.00028145089163444936
7540,C,7.91379643487744e-05
41261,C,7.776046550134197e-05
53331,C,4.3880168959731236e-05
59445,C,0.000341331644449383
9244,C,3.0696926842210814e-05
48100,C,0.0001218337201862596
87312,C,3.422600275371224e-05
61074,C,0.00011858426296385005
72527,C,8.515294030075893e-05
3632,C,6.912064418429509e-05
56445,C,2.5433470000280067e-05
71508,C,5.405900810728781e-05
96477,C,6.281691457843408e-05
81914,C,0.9994903802871704
81643,C,0.9982379674911499
14656,C,0.9990123510360718
13503,C,0.0010365991620346904
8684,C,4.889269621344283e-05
60040,C,8.881645771907642e-05
94861,C,0.00019803157192654908
12595,C,0.0001794001436792314
5121,C,4.4908672862220556e-05
20441,C,2.9630102289956994e-05
20865,C,4.66458332084585e-05
19508,C,0.00011344729136908427
96234,C,4.2941832361975685e-05
79043,C,0.00015615185839124024
72491,C,3.379979534656741e-05
39493,C,2.0430234144441783e-05
89353,C,0.00023942395637277514
11310,C,6.664892862318084e-05
26009,C,0.9990481734275818
90274,C,0.00011043380800401792
60568,C,7.06995851942338e-05
32319,C,0.00014256188296712935
67793,C,0.00013291627692524344
23393,C,0.0001270483626285568
93527,C,0.0001767518842825666
72809,C,0.0001432063290849328
63298,C,9.955263521987945e-05
14325,C,0.3724214434623718
42669,C,7.820807513780892e-05
7300,C,0.0002001678221859038
21614,C,4.7986453864723444e-05
50221,C,0.00020917087385896593
49673,C,4.353770782472566e-05
31970,C,4.7264471504604444e-05
23817,C,5.092075662105344e-05
430,C,0.00013713125372305512
63454,C,0.0002117702242685482
56968,C,3.832281072391197e-05
82131,C,0.000128332685562782
96634,C,0.00018756244389805943
66893,C,0.9992530941963196
22350,C,0.0018796783406287432
65938,C,0.0028613365720957518
64276,C,0.998429000377655
57937,C,0.9984649419784546
21771,C,8.669088856549934e-05
6144,C,0.9987521171569824
23525,C,4.355386408860795e-05
32092,C,0.0003017856797669083
51504,C,2.707361454667989e-05
33525,C,0.00015098793664947152
82851,C,0.000713010726030916
90510,C,5.229089947533794e-05
66562,C,0.0001717519189696759
83298,C,8.187051571439952e-05
13545,C,0.9986191987991333
2226,C,0.00010051760909846053
15840,C,0.003013735869899392
37765,C,5.7839872170006856e-05
2945,C,0.002218093490228057
20579,C,0.998173713684082
20073,C,0.9988960027694702
45142,C,3.624433884397149e-05
79375,C,4.2875584767898545e-05
70325,C,4.739554424304515e-05
86449,C,3.476536221569404e-05
99943,C,6.361372652463615e-05
1011,C,9.7351468866691e-05
90187,C,4.725095277535729e-05
92264,C,0.0038924538530409336
95059,C,6.400346319423988e-05
5187,C,0.00011500332038849592
67982,C,0.0001334488915745169
93981,C,0.00020710322132799774
2170,C,0.9983128309249878
10791,C,0.0001296289701713249
82179,C,0.00011867091234307736
73337,C,0.00018069319776259363
13605,C,0.9993415474891663
94346,C,0.9985767602920532
28261,C,1.940011679835152e-05
68306,C,0.9997828602790833
4229,C,0.0043137106113135815
8125,C,0.00012795218208339065
6973,C,0.0005378840724006295
9015,C,2.7088255592389032e-05
81763,C,0.00026802963111549616
54133,C,0.9997656941413879
96065,C,0.002192990854382515
43781,C,0.00012892337690573186
64513,C,0.0008916737278923392
13993,C,0.00012419551785569638
32812,C,5.710312689188868e-05
86788,C,7.048020779620856e-05
87986,C,4.905306559521705e-05
94519,C,0.9990094900131226
51838,C,5.538213736144826e-05
44911,C,0.9987214207649231
8143,C,5.0141428800998256e-05
29080,C,5.752945435233414e-05
9454,C,0.001457393984310329
26062,C,5.8297438954468817e-05
12246,C,4.791114406543784e-05
81510,C,0.9989715814590454
11563,C,7.627925515407696e-05
92206,C,0.00010864031355595216
76896,C,0.00017776446475181729
84855,C,0.00010705352178774774
24183,C,0.004578666761517525
89763,C,0.00013777911954093724
68638,C,9.969769598683342e-05
34419,C,0.0003593892324715853
51721,C,0.998873770236969
94158,C,0.00034039057209156454
49841,C,5.466277798404917e-05
13991,C,5.50748263776768e-05
20000,C,5.357029658625834e-05
51909,C,0.9987718462944031
7716,C,8.141475700540468e-05
91966,C,5.204077751841396e-05
48839,C,3.2225139875663444e-05
50681,C,0.9991337656974792
34822,C,3.3669279218884185e-05
79746,C,0.9995580315589905
12985,C,0.00027590658282861114
70373,C,4.251728023518808e-05
23167,C,0.0005515799857676029
65818,C,4.365952918305993e-05
14343,C,4.299395368434489e-05
92063,C,0.00015406457532662898
28090,C,7.292794907698408e-05
31434,C,5.232931289356202e-05
41958,C,0.0014737402088940144
14236,C,0.0001098125649150461
31374,C,8.202852768590674e-05
49380,C,2.6480262022232637e-05
75595,C,6.264361581997946e-05
89113,C,0.00032466326956637204
28383,C,0.0004965790431015193
56900,C,0.00017690683307591826
50720,C,0.9986918568611145
17696,C,0.9114071726799011
33986,C,0.0001117268911912106
80676,C,0.9996699094772339
21035,C,0.0002757574839051813
16281,C,0.0002968147164210677
51512,C,0.00013359887816477567
52284,C,0.9996196031570435
2281,C,5.453188714454882e-05
50913,C,0.998661994934082
37129,C,7.99117042333819e-05
64351,C,0.9994953870773315
89726,C,0.00017305684741586447
91465,C,0.00010231643682345748
30676,C,0.00011989042832283303
98493,C,0.0004994388436898589
88475,C,5.1536197133827955e-05
96504,C,0.0005497633828781545
51200,C,4.780275412485935e-05
94912,C,6.505763303721324e-05
7588,C,0.9993159770965576
35668,C,9.75192742771469e-05
6137,C,3.985099101555534e-05
87474,C,8.373628224944696e-05
99992,C,0.00018352593178860843
8544,C,5.10997160745319e-05
63899,C,5.884098936803639e-05
72790,C,0.9985336065292358
1588,C,4.4545951823238283e-05
254,C,8.490004984196275e-05
68171,C,9.217838669428602e-05
6775,C,4.652104325941764e-05
88300,C,4.6451048547169194e-05
35424,C,0.00043906582868658006
81668,C,2.6040936063509434e-05
98377,C,8.761688513914123e-05
